dgp,seed,ntrain,temperature,n_test,n_chains,n_posterior,gr_posterior_mean,gr_q5,gr_q25,gr_q50,gr_q75,gr_q95,rmse_credible,coverage_credible
1199_BNG_echoMonths,7,200,2.0,1750,8,1000,0.999666690826416,1.0000553131103516,0.9998114109039307,0.9997145533561707,1.0000059604644775,1.0009201765060425,11.831845555220575,0.7677142857142858
1199_BNG_echoMonths,7,200,3.0,1750,8,1000,1.001303791999817,1.0028412342071533,1.0024672746658325,1.0007470846176147,1.0015822649002075,1.0040725469589233,12.28676244005425,0.8960714285714286
1199_BNG_echoMonths,7,200,1.0,1750,8,1000,0.9996907114982605,1.0000416040420532,0.9996438026428223,1.0000346899032593,0.9998210072517395,0.9997056126594543,11.759733279276439,0.6397857142857143
1199_BNG_echoMonths,7,1000,1.0,1750,8,1000,0.9999116063117981,1.0001055002212524,1.0004463195800781,0.9999306797981262,1.0004836320877075,1.0007153749465942,11.508871511608731,0.4707857142857143
1199_BNG_echoMonths,7,1000,2.0,1750,8,1000,0.9999484419822693,0.999958336353302,1.0001853704452515,1.001146674156189,0.9999934434890747,1.001434326171875,11.542111870043597,0.6031428571428571
1199_BNG_echoMonths,7,1000,3.0,1750,8,1000,1.0020517110824585,1.0034979581832886,1.0030946731567383,1.0016310214996338,1.0036081075668335,1.005561351776123,11.821036316067296,0.7951428571428572
1199_BNG_echoMonths,7,10000,1.0,1750,8,1000,1.0409907102584839,1.0425022840499878,1.0232794284820557,1.0823172330856323,1.0672773122787476,1.1188315153121948,11.115174444776564,0.2827857142857143
1199_BNG_echoMonths,7,10000,2.0,1750,8,1000,1.0366250276565552,1.0439603328704834,1.0115517377853394,1.0648236274719238,1.0401488542556763,1.096846580505371,11.074523152616965,0.4134285714285715
1199_BNG_echoMonths,7,10000,3.0,1750,8,1000,1.0135499238967896,1.0037622451782227,1.0146934986114502,1.025527834892273,1.0122004747390747,1.0266815423965454,11.116298751457522,0.6484285714285714
1199_BNG_echoMonths,10,10000,1.0,1750,8,1000,1.05717134475708,1.015113115310669,1.0658210515975952,1.0888919830322266,1.1235281229019165,1.0489161014556885,11.395194455645793,0.2800714285714285
1199_BNG_echoMonths,10,10000,3.0,1750,8,1000,1.0314136743545532,1.0028568506240845,1.0205062627792358,1.0544277429580688,1.031700849533081,1.032981514930725,11.520184329644733,0.6297857142857143
1199_BNG_echoMonths,10,10000,2.0,1750,8,1000,1.0148051977157593,1.0055574178695679,1.0088675022125244,1.0361311435699463,1.006460189819336,1.0801218748092651,11.372259318349801,0.40621428571428575
1199_BNG_echoMonths,10,1000,1.0,1750,8,1000,1.0000367164611816,1.000089406967163,0.999805212020874,1.0012544393539429,0.9997480511665344,1.0007773637771606,11.752304783589434,0.4724285714285714
1199_BNG_echoMonths,10,1000,2.0,1750,8,1000,1.0002198219299316,1.0001466274261475,1.0007702112197876,1.00002920627594,0.9996740818023682,1.0002796649932861,11.750792653802787,0.6107142857142858
1199_BNG_echoMonths,10,1000,3.0,1750,8,1000,1.0020277500152588,1.0019094944000244,1.0006171464920044,1.0036581754684448,1.002798318862915,1.006744146347046,11.894246073401549,0.802
1199_BNG_echoMonths,10,200,1.0,1750,8,1000,0.9997642040252686,0.9998354911804199,0.9999573826789856,0.9998612403869629,0.9996709227561951,0.9999628067016602,12.120784492973439,0.6272857142857143
1199_BNG_echoMonths,10,200,2.0,1750,8,1000,0.9998899698257446,0.9999047517776489,1.0005626678466797,0.9997291564941406,0.9996955394744873,1.000017762184143,12.189368798253495,0.7361428571428572
1199_BNG_echoMonths,10,200,3.0,1750,8,1000,1.0009160041809082,1.0013282299041748,1.0019563436508179,1.0015535354614258,1.0007209777832031,1.0020837783813477,12.55094026971552,0.8874285714285713
1199_BNG_echoMonths,4,1000,3.0,1750,8,1000,1.0017542839050293,1.0026334524154663,1.0015186071395874,1.0021003484725952,1.0026394128799438,1.0080890655517578,12.26357479884905,0.7930714285714286
1199_BNG_echoMonths,4,1000,2.0,1750,8,1000,1.0001649856567383,1.000041127204895,1.000316858291626,1.0005894899368286,1.0000425577163696,1.0015283823013306,12.050357050890623,0.6175714285714285
1199_BNG_echoMonths,4,1000,1.0,1750,8,1000,0.9998522400856018,1.002089023590088,1.0004242658615112,1.0005075931549072,1.000773310661316,1.002608299255371,12.034259322966737,0.47792857142857137
1199_BNG_echoMonths,4,200,3.0,1750,8,1000,1.0002042055130005,0.9998617768287659,1.0005625486373901,1.0002745389938354,1.0000686645507812,1.0019147396087646,12.670817417378117,0.8392857142857143
1199_BNG_echoMonths,4,200,2.0,1750,8,1000,0.9997587203979492,0.9999774098396301,1.0000537633895874,0.9999476671218872,0.9998078346252441,1.001428246498108,12.252434453693555,0.6993571428571428
1199_BNG_echoMonths,4,200,1.0,1750,8,1000,0.9996782541275024,1.0000675916671753,1.000119686126709,0.9996554851531982,0.9996047019958496,0.9997369647026062,12.151340963013707,0.5805714285714286
1199_BNG_echoMonths,4,10000,2.0,1750,8,1000,1.0072396993637085,1.0107239484786987,1.008747935295105,1.014177918434143,1.0118170976638794,1.0357404947280884,11.629337111729333,0.3907857142857143
1199_BNG_echoMonths,4,10000,3.0,1750,8,1000,1.025654911994934,1.0136522054672241,1.009199857711792,1.0391361713409424,1.0362955331802368,1.0366915464401245,11.730610077316864,0.6128571428571429
1199_BNG_echoMonths,4,10000,1.0,1750,8,1000,1.030145287513733,1.0746791362762451,1.0571752786636353,1.031152367591858,1.0241353511810303,1.055343747138977,11.634943531342877,0.2749285714285714
1199_BNG_echoMonths,3,1000,3.0,1750,8,1000,1.0024865865707397,1.003434181213379,1.0038011074066162,1.0026057958602905,1.0033618211746216,1.0132635831832886,12.134869664202968,0.762
1199_BNG_echoMonths,3,1000,2.0,1750,8,1000,1.0000042915344238,1.0003143548965454,1.0005303621292114,1.0000029802322388,1.0008454322814941,1.0026437044143677,11.914987396959004,0.5867857142857144
1199_BNG_echoMonths,3,1000,1.0,1750,8,1000,0.9998817443847656,0.9999224543571472,1.0011528730392456,1.0010335445404053,0.9995946288108826,1.0024018287658691,11.892505551871388,0.4444285714285714
1199_BNG_echoMonths,3,10000,3.0,1750,8,1000,1.0118540525436401,1.017397165298462,1.0016199350357056,1.0175546407699585,1.0254539251327515,1.0514830350875854,11.508486344247691,0.6291428571428571
1199_BNG_echoMonths,3,10000,2.0,1750,8,1000,1.0229178667068481,1.0136475563049316,1.0093978643417358,1.0178266763687134,1.0094584226608276,1.0252125263214111,11.406944977293747,0.41021428571428575
1199_BNG_echoMonths,3,10000,1.0,1750,8,1000,1.0183227062225342,1.0237880945205688,1.0058485269546509,1.0612436532974243,1.0171462297439575,1.0709166526794434,11.427762605976529,0.28778571428571426
1199_BNG_echoMonths,3,200,1.0,1750,8,1000,0.9998106956481934,0.9997197985649109,0.999670684337616,1.0002778768539429,0.9998388290405273,0.9999588131904602,12.076138025978693,0.6112857142857142
1199_BNG_echoMonths,3,200,3.0,1750,8,1000,1.000921368598938,1.0030514001846313,1.002620816230774,1.0000666379928589,1.0001423358917236,1.0019559860229492,12.52518201748609,0.8785000000000001
1199_BNG_echoMonths,3,200,2.0,1750,8,1000,0.9999400973320007,1.0002038478851318,0.9996629357337952,1.000221610069275,1.0001600980758667,1.0004041194915771,12.164084074948459,0.7383571428571428
1199_BNG_echoMonths,9,10000,1.0,1750,8,1000,1.0252491235733032,1.030043363571167,1.0718584060668945,1.0446549654006958,1.0783191919326782,1.0649927854537964,11.261761093804157,0.3017142857142857
1199_BNG_echoMonths,9,10000,3.0,1750,8,1000,1.003596305847168,1.0123059749603271,1.0096694231033325,1.0215027332305908,1.0037896633148193,1.0364816188812256,11.418652723360056,0.6522857142857142
1199_BNG_echoMonths,9,10000,2.0,1750,8,1000,1.0196337699890137,1.0072392225265503,1.0156095027923584,1.0156551599502563,1.0202257633209229,1.0798594951629639,11.234615252280694,0.44000000000000006
1199_BNG_echoMonths,9,1000,3.0,1750,8,1000,1.001996636390686,1.001531958580017,1.0018233060836792,1.003145694732666,1.0037157535552979,1.0060993432998657,11.905904738016826,0.8064285714285714
1199_BNG_echoMonths,9,1000,2.0,1750,8,1000,1.0001020431518555,1.000247597694397,0.9997110962867737,1.0003252029418945,1.0009865760803223,1.0028495788574219,11.605008489881975,0.6310714285714285
1199_BNG_echoMonths,9,1000,1.0,1750,8,1000,1.0003721714019775,1.0004878044128418,1.0011690855026245,1.0004040002822876,1.0003318786621094,1.0021132230758667,11.578769385898902,0.5025
1199_BNG_echoMonths,9,200,1.0,1750,8,1000,0.9998250007629395,1.0000029802322388,1.0004369020462036,0.9999431371688843,0.9997349977493286,1.0002042055130005,12.155951820034268,0.6528571428571428
1199_BNG_echoMonths,9,200,3.0,1750,8,1000,0.9999744296073914,1.0008801221847534,1.001155972480774,1.0007984638214111,1.0001634359359741,1.001631498336792,12.462742036538092,0.8957857142857142
1199_BNG_echoMonths,9,200,2.0,1750,8,1000,0.9995810389518738,0.9998980760574341,0.9996799230575562,0.9997169971466064,0.9996057152748108,0.9999875426292419,12.190008742403752,0.7566428571428572
1199_BNG_echoMonths,1,200,1.0,1750,8,1000,0.999678373336792,0.9999683499336243,0.9999117255210876,0.9997808933258057,0.9998254776000977,0.9997214078903198,12.099034879799046,0.6027857142857143
1199_BNG_echoMonths,1,200,3.0,1750,8,1000,1.0009742975234985,1.0015969276428223,1.0020943880081177,1.0008900165557861,1.0020644664764404,1.0069595575332642,12.462734652991518,0.8632142857142857
1199_BNG_echoMonths,1,200,2.0,1750,8,1000,0.9998047351837158,0.9998664855957031,0.9996623992919922,0.9998363852500916,1.0000274181365967,1.0020302534103394,12.163094618020315,0.711
1199_BNG_echoMonths,1,1000,2.0,1750,8,1000,1.0001041889190674,1.0013864040374756,1.0003843307495117,0.999728262424469,1.000256896018982,1.002273678779602,11.732022364701528,0.6019285714285714
1199_BNG_echoMonths,1,1000,3.0,1750,8,1000,1.0019296407699585,1.001008152961731,1.0017153024673462,1.0056511163711548,1.0028877258300781,1.0113413333892822,11.983006481902533,0.7891428571428571
1199_BNG_echoMonths,1,1000,1.0,1750,8,1000,1.0002046823501587,1.0005595684051514,1.0014166831970215,1.0004571676254272,1.000722885131836,1.0014742612838745,11.711933828137557,0.45978571428571424
1199_BNG_echoMonths,1,10000,3.0,1750,8,1000,1.020336389541626,1.0265021324157715,1.0088952779769897,1.0140584707260132,1.024086356163025,1.0220448970794678,11.503325078293626,0.6548571428571428
1199_BNG_echoMonths,1,10000,2.0,1750,8,1000,1.0126681327819824,1.0176811218261719,1.0209814310073853,1.0182703733444214,1.0329163074493408,1.0399894714355469,11.26223043846274,0.42792857142857144
1199_BNG_echoMonths,1,10000,1.0,1750,8,1000,1.0271555185317993,1.0562083721160889,1.02555513381958,1.0452935695648193,1.0365151166915894,1.008778691291809,11.274593987100559,0.2975714285714286
1199_BNG_echoMonths,6,10000,2.0,1750,8,1000,1.0182783603668213,1.0053216218948364,1.0205490589141846,1.019377589225769,1.0345349311828613,1.0137269496917725,11.704602842537199,0.417
1199_BNG_echoMonths,6,10000,3.0,1750,8,1000,1.0068720579147339,1.0124404430389404,1.0024040937423706,1.0022269487380981,1.0084725618362427,1.016603946685791,11.849155925584899,0.6355000000000001
1199_BNG_echoMonths,6,10000,1.0,1750,8,1000,1.0576372146606445,1.0167323350906372,1.1037178039550781,1.0787259340286255,1.0138179063796997,1.0438178777694702,11.736978902883592,0.2834285714285715
1199_BNG_echoMonths,6,200,3.0,1750,8,1000,0.999963641166687,1.0009523630142212,1.0012226104736328,0.9999936819076538,1.0000638961791992,1.0012449026107788,12.848449351829995,0.8312142857142857
1199_BNG_echoMonths,6,200,2.0,1750,8,1000,0.999616265296936,0.999903678894043,0.9996479749679565,0.9999056458473206,0.9997141361236572,1.0001659393310547,12.514410558845267,0.69
1199_BNG_echoMonths,6,200,1.0,1750,8,1000,0.999584436416626,0.9998149871826172,0.9996455311775208,0.9996134638786316,0.9997001886367798,0.9996668100357056,12.471599926353656,0.5770714285714286
1199_BNG_echoMonths,6,1000,2.0,1750,8,1000,1.0003880262374878,1.000407099723816,1.0003184080123901,1.0004891157150269,1.0007598400115967,1.003127932548523,12.106323341475939,0.5972142857142857
1199_BNG_echoMonths,6,1000,3.0,1750,8,1000,1.0027402639389038,1.0045838356018066,1.0028173923492432,1.0010955333709717,1.0057302713394165,1.0243046283721924,12.257202373366763,0.7895714285714286
1199_BNG_echoMonths,6,1000,1.0,1750,8,1000,0.9999416470527649,1.0001376867294312,0.9999536871910095,1.0010703802108765,1.0007628202438354,0.9999837875366211,12.086418340254143,0.47250000000000003
1199_BNG_echoMonths,8,1000,2.0,1750,8,1000,0.9999993443489075,1.0004242658615112,0.9996957778930664,1.0001391172409058,1.0010713338851929,1.003170132637024,11.992585570333699,0.6071428571428572
1199_BNG_echoMonths,8,1000,3.0,1750,8,1000,1.0048099756240845,1.0014870166778564,1.0039397478103638,1.0036184787750244,1.0026968717575073,1.00190007686615,12.277678853813544,0.787
1199_BNG_echoMonths,8,1000,1.0,1750,8,1000,0.9997603893280029,1.0002734661102295,1.0007847547531128,1.0004817247390747,1.0009710788726807,1.0025830268859863,11.966658762611004,0.4709285714285715
1199_BNG_echoMonths,8,10000,1.0,1750,8,1000,1.015708088874817,1.033583641052246,1.0415058135986328,1.0462744235992432,1.024804711341858,1.0759258270263672,11.559117193802399,0.26721428571428574
1199_BNG_echoMonths,8,10000,2.0,1750,8,1000,1.0244790315628052,1.0064997673034668,1.0227856636047363,1.0269160270690918,1.0231070518493652,1.0090593099594116,11.523608670965556,0.4077857142857143
1199_BNG_echoMonths,8,10000,3.0,1750,8,1000,1.0220328569412231,1.0079377889633179,1.01066255569458,1.0247111320495605,1.0094722509384155,1.0189285278320312,11.672387373463135,0.6390714285714285
1199_BNG_echoMonths,8,200,2.0,1750,8,1000,0.9997823238372803,1.000623106956482,1.0001345872879028,1.0000429153442383,1.0001444816589355,1.001110553741455,12.483003889305468,0.7134285714285715
1199_BNG_echoMonths,8,200,3.0,1750,8,1000,0.9995770454406738,1.0008976459503174,1.0002907514572144,0.9998265504837036,1.0004558563232422,1.0036295652389526,12.920748271307794,0.8648571428571428
1199_BNG_echoMonths,8,200,1.0,1750,8,1000,0.9998241662979126,0.9996505379676819,0.999902069568634,1.0002436637878418,1.00022292137146,1.000734806060791,12.395111521517975,0.5899285714285715
1199_BNG_echoMonths,2,10000,2.0,1750,8,1000,1.0329467058181763,1.0090781450271606,1.0269451141357422,1.0616692304611206,1.0208659172058105,1.0369384288787842,11.428394990650105,0.42478571428571427
1199_BNG_echoMonths,2,10000,3.0,1750,8,1000,1.013231873512268,1.01498281955719,1.0051790475845337,1.0282355546951294,1.0089986324310303,1.021393895149231,11.521088530467544,0.6541428571428571
1199_BNG_echoMonths,2,10000,1.0,1750,8,1000,1.0413790941238403,1.0234538316726685,1.0472843647003174,1.1151494979858398,1.069039225578308,1.025905966758728,11.48428665610879,0.29214285714285715
1199_BNG_echoMonths,2,1000,3.0,1750,8,1000,1.0010297298431396,1.0060937404632568,1.0010358095169067,1.0022279024124146,1.00203275680542,1.0102753639221191,12.16055195097759,0.7916428571428571
1199_BNG_echoMonths,2,1000,2.0,1750,8,1000,1.0003477334976196,1.0014429092407227,0.999805748462677,1.002305507659912,1.0003724098205566,1.0014044046401978,11.883731964858583,0.5905
1199_BNG_echoMonths,2,1000,1.0,1750,8,1000,1.0011178255081177,1.00153386592865,1.000246286392212,1.0002325773239136,1.000644564628601,1.0023512840270996,11.854090396090982,0.464
1199_BNG_echoMonths,2,200,2.0,1750,8,1000,1.000022292137146,0.9997681379318237,0.9999324083328247,1.000003695487976,0.9997656345367432,1.000527262687683,12.124831237301805,0.6965714285714286
1199_BNG_echoMonths,2,200,3.0,1750,8,1000,1.0031218528747559,1.0016742944717407,1.002441167831421,1.0017143487930298,1.0025602579116821,1.006650686264038,12.470097863955083,0.8663571428571428
1199_BNG_echoMonths,2,200,1.0,1750,8,1000,0.9996219873428345,0.9996616840362549,0.9997448325157166,0.9998977184295654,0.999748170375824,1.0001102685928345,12.044519568962686,0.5931428571428572
1199_BNG_echoMonths,5,10000,2.0,1750,8,1000,1.0112581253051758,1.0150357484817505,1.0214670896530151,1.022891640663147,1.0105922222137451,1.014285922050476,11.047872325492516,0.43642857142857144
1199_BNG_echoMonths,5,10000,3.0,1750,8,1000,1.011179804801941,1.0033355951309204,1.0099687576293945,1.0352332592010498,1.0140347480773926,1.0102344751358032,11.208718945110972,0.6595
1199_BNG_echoMonths,5,10000,1.0,1750,8,1000,1.0501234531402588,1.0359442234039307,1.041427731513977,1.066159963607788,1.0773944854736328,1.075050711631775,11.081640218313328,0.29628571428571426
1199_BNG_echoMonths,5,1000,1.0,1750,8,1000,0.9998555183410645,1.0008879899978638,0.9998866319656372,1.000644564628601,1.0002142190933228,1.0004401206970215,11.43697564284936,0.5142142857142857
1199_BNG_echoMonths,5,1000,2.0,1750,8,1000,1.0002632141113281,1.0001875162124634,1.00011146068573,1.0006897449493408,1.000975489616394,1.0042186975479126,11.453117436420452,0.6564285714285714
1199_BNG_echoMonths,5,1000,3.0,1750,8,1000,1.000734567642212,1.0027544498443604,1.0047358274459839,1.0027244091033936,1.0027439594268799,1.0136656761169434,11.683817298518637,0.8171428571428572
1199_BNG_echoMonths,5,200,2.0,1750,8,1000,1.0001981258392334,1.0000765323638916,1.000078797340393,1.0002819299697876,1.0006099939346313,1.0008766651153564,11.932903493712415,0.7354285714285714
1199_BNG_echoMonths,5,200,3.0,1750,8,1000,1.0005937814712524,1.0011080503463745,1.0016456842422485,1.0007381439208984,1.0021274089813232,1.006511926651001,12.303863563058414,0.8782857142857143
1199_BNG_echoMonths,5,200,1.0,1750,8,1000,0.999668538570404,0.9998199343681335,0.9996974468231201,0.9996865391731262,0.9996719360351562,0.9997134804725647,11.856402824288102,0.626
294_satellite_image,10,1000,3.0,644,8,1000,1.0152618885040283,1.0126174688339233,1.018822431564331,1.0206396579742432,1.0187612771987915,1.022938847541809,0.7774762542733542,0.9147903726708075
294_satellite_image,10,1000,2.0,644,8,1000,1.0380035638809204,1.0072652101516724,1.0066224336624146,1.0155537128448486,1.0130351781845093,1.0214316844940186,0.7995214226400282,0.8293866459627329
294_satellite_image,10,1000,1.0,644,8,1000,1.0862045288085938,1.0716103315353394,1.0470303297042847,1.0233819484710693,1.0726432800292969,1.0688170194625854,0.8407589653142056,0.7437888198757764
294_satellite_image,10,200,1.0,644,8,1000,1.0001553297042847,1.0003184080123901,1.0009948015213013,1.00165593624115,1.0003571510314941,1.000706434249878,0.9842770282023746,0.764557453416149
294_satellite_image,10,200,3.0,644,8,1000,1.0036979913711548,1.0046594142913818,1.0042799711227417,1.0040446519851685,1.004066824913025,1.0040836334228516,0.9002256990962537,0.9386645962732919
294_satellite_image,10,200,2.0,644,8,1000,1.0007293224334717,1.002077579498291,1.001305341720581,1.0011590719223022,1.0006390810012817,1.0003739595413208,0.9503289579620403,0.8330745341614907
294_satellite_image,9,1000,1.0,644,8,1000,1.0171809196472168,1.0387015342712402,1.0068519115447998,1.0111156702041626,1.014155387878418,1.010371446609497,0.895183747397158,0.733889751552795
294_satellite_image,9,1000,3.0,644,8,1000,1.011451005935669,1.0101386308670044,1.0022310018539429,1.0110799074172974,1.0159432888031006,1.0370032787322998,0.8315992134878161,0.9136257763975155
294_satellite_image,9,1000,2.0,644,8,1000,1.0050994157791138,1.0009435415267944,1.0047614574432373,1.0026363134384155,1.0034279823303223,1.0031490325927734,0.8558458057125128,0.8179347826086957
294_satellite_image,9,200,1.0,644,8,1000,0.9997596740722656,1.0006636381149292,0.9995923638343811,1.000625729560852,1.0033196210861206,1.0003529787063599,0.9523284560805217,0.78027950310559
294_satellite_image,9,200,2.0,644,8,1000,0.9999166131019592,0.9997541308403015,1.0003223419189453,1.000667691230774,0.9995731115341187,1.0008721351623535,0.9361104730552284,0.8410326086956522
294_satellite_image,9,200,3.0,644,8,1000,1.0033215284347534,1.0034332275390625,1.0015144348144531,1.001999020576477,1.003341794013977,1.0020688772201538,0.9076418584968506,0.9520574534161491
294_satellite_image,3,200,2.0,644,8,1000,1.0002208948135376,1.0003693103790283,1.0023205280303955,1.000686764717102,1.0000439882278442,1.001969337463379,0.9702689687982428,0.8410326086956521
294_satellite_image,3,200,3.0,644,8,1000,1.0013841390609741,1.0039734840393066,1.0012186765670776,1.0014227628707886,1.0048032999038696,1.0077736377716064,0.9747970447226488,0.9225543478260869
294_satellite_image,3,200,1.0,644,8,1000,1.002779483795166,1.0006816387176514,1.0006723403930664,1.0015127658843994,1.0035570859909058,1.0022116899490356,0.978812936710331,0.7816381987577639
294_satellite_image,3,1000,1.0,644,8,1000,1.0240182876586914,1.039016842842102,1.004717469215393,1.009411096572876,1.0733917951583862,1.045220971107483,0.9046470081009912,0.7313664596273292
294_satellite_image,3,1000,3.0,644,8,1000,1.0408748388290405,1.0135608911514282,1.0048130750656128,1.0138753652572632,1.0717434883117676,1.029686689376831,0.8622793320340632,0.8959627329192547
294_satellite_image,3,1000,2.0,644,8,1000,1.0077816247940063,1.004429578781128,1.00753915309906,1.0068329572677612,1.0066335201263428,1.0077775716781616,0.8737787079716087,0.8072593167701864
294_satellite_image,4,200,1.0,644,8,1000,1.0009928941726685,1.0058414936065674,1.0028923749923706,1.0012809038162231,1.0069997310638428,1.001299262046814,0.9618849871050719,0.7994953416149069
294_satellite_image,4,200,3.0,644,8,1000,1.003783941268921,1.00287926197052,1.0034236907958984,1.0031229257583618,1.0033564567565918,1.0025863647460938,0.9129291823597057,0.9305124223602484
294_satellite_image,4,200,2.0,644,8,1000,1.002611756324768,1.00275719165802,1.00130033493042,1.001968502998352,1.0033553838729858,1.001825213432312,0.9363114909092728,0.8540372670807453
294_satellite_image,4,1000,3.0,644,8,1000,1.05167818069458,1.007348895072937,1.0202383995056152,1.051459550857544,1.0673905611038208,1.0422775745391846,0.7946808430754417,0.9165372670807453
294_satellite_image,4,1000,2.0,644,8,1000,1.0383323431015015,1.010604739189148,1.0035779476165771,1.038796305656433,1.0199271440505981,1.0141658782958984,0.8424444656753609,0.8237577639751552
294_satellite_image,4,1000,1.0,644,8,1000,1.0352699756622314,1.0513430833816528,1.012818694114685,1.0418754816055298,1.0505999326705933,1.0181816816329956,0.8795310010514974,0.7434006211180124
294_satellite_image,7,200,3.0,644,8,1000,1.0038679838180542,1.0046039819717407,1.0003395080566406,1.0006991624832153,1.0045627355575562,1.0039501190185547,0.9096556250234222,0.9406055900621119
294_satellite_image,7,200,2.0,644,8,1000,1.002249836921692,1.0025709867477417,1.0019949674606323,1.0012898445129395,1.0033494234085083,1.0015156269073486,0.9277005009942447,0.8379270186335404
294_satellite_image,7,200,1.0,644,8,1000,1.002029538154602,1.0041769742965698,1.0013506412506104,1.0004442930221558,1.006372332572937,1.0028337240219116,0.944877424557282,0.7705745341614907
294_satellite_image,7,1000,1.0,644,8,1000,1.0303080081939697,1.0162429809570312,1.0445568561553955,1.027572512626648,1.061489462852478,1.05068838596344,0.8487945667699774,0.749805900621118
294_satellite_image,7,1000,2.0,644,8,1000,1.00497305393219,1.0049172639846802,1.003473162651062,1.0080708265304565,1.002703070640564,1.0131763219833374,0.8119200835319998,0.8216226708074534
294_satellite_image,7,1000,3.0,644,8,1000,1.0265421867370605,1.0180718898773193,1.0053154230117798,1.0101052522659302,1.070136308670044,1.0205819606781006,0.766807296505807,0.9184782608695652
294_satellite_image,5,1000,2.0,644,8,1000,1.0075124502182007,1.0054024457931519,1.0034328699111938,1.0062167644500732,1.0042873620986938,1.0033878087997437,0.8269420840204625,0.827639751552795
294_satellite_image,5,1000,3.0,644,8,1000,1.0169609785079956,1.0081146955490112,1.0092110633850098,1.023633360862732,1.0180326700210571,1.0335707664489746,0.771073078323276,0.9314829192546583
294_satellite_image,5,1000,1.0,644,8,1000,1.0338478088378906,1.0410068035125732,1.0411995649337769,1.0102870464324951,1.0358060598373413,1.0569112300872803,0.8594285791339205,0.7432065217391304
294_satellite_image,5,200,1.0,644,8,1000,1.0003869533538818,1.0017553567886353,1.0003820657730103,1.0009311437606812,1.0026752948760986,1.0007866621017456,0.9655030671085519,0.8026009316770186
294_satellite_image,5,200,3.0,644,8,1000,1.0071990489959717,1.0038639307022095,1.0035327672958374,1.0025300979614258,1.0020778179168701,1.0035336017608643,0.9094878981940762,0.9291537267080745
294_satellite_image,5,200,2.0,644,8,1000,1.000636100769043,0.9998888969421387,1.0000920295715332,1.0005825757980347,1.0021566152572632,1.0007200241088867,0.9464831762899724,0.8513198757763976
294_satellite_image,2,200,2.0,644,8,1000,1.002397894859314,1.0005367994308472,1.00173819065094,1.0019031763076782,1.0019927024841309,1.002480149269104,0.938945179505684,0.8709239130434783
294_satellite_image,2,200,3.0,644,8,1000,1.0041548013687134,1.0082091093063354,1.0025947093963623,1.003141164779663,1.0024555921554565,1.0082008838653564,0.9209932963229766,0.9446816770186335
294_satellite_image,2,200,1.0,644,8,1000,1.0022774934768677,1.0030183792114258,1.0001574754714966,1.0019017457962036,1.0017949342727661,1.0015127658843994,0.9474274443727162,0.8068711180124224
294_satellite_image,2,1000,2.0,644,8,1000,1.0109928846359253,1.0252918004989624,1.0113083124160767,1.0100468397140503,1.0302292108535767,1.0312515497207642,0.7977413396284259,0.8346273291925466
294_satellite_image,2,1000,3.0,644,8,1000,1.04312002658844,1.011486291885376,1.0213624238967896,1.0355743169784546,1.0427801609039307,1.0237305164337158,0.7542781373551308,0.9291537267080745
294_satellite_image,2,1000,1.0,644,8,1000,1.0398492813110352,1.0476261377334595,1.0304763317108154,1.0375044345855713,1.0838806629180908,1.05751371383667,0.837274193750063,0.7482531055900621
294_satellite_image,8,200,1.0,644,8,1000,1.0016858577728271,1.0029553174972534,1.0025273561477661,1.0017790794372559,1.0039663314819336,1.000726342201233,1.0458504688619472,0.7711568322981366
294_satellite_image,8,200,2.0,644,8,1000,1.0003465414047241,1.0020396709442139,1.0001167058944702,1.0018377304077148,1.0028326511383057,1.0002405643463135,1.0340608323407454,0.8388975155279503
294_satellite_image,8,200,3.0,644,8,1000,1.0016324520111084,1.0031760931015015,1.0010409355163574,1.0046297311782837,1.0045311450958252,1.0055301189422607,1.0156106135658096,0.9155667701863355
294_satellite_image,8,1000,3.0,644,8,1000,1.0510549545288086,1.0198813676834106,1.0077197551727295,1.0304991006851196,1.0245261192321777,1.0168918371200562,0.8424314777297288,0.9033385093167702
294_satellite_image,8,1000,2.0,644,8,1000,1.014493465423584,1.0104728937149048,1.0127580165863037,1.0077428817749023,1.0282740592956543,1.0090985298156738,0.9066268259455095,0.7936723602484472
294_satellite_image,8,1000,1.0,644,8,1000,1.037018060684204,1.017291784286499,1.0234506130218506,1.0257443189620972,1.0508317947387695,1.064700722694397,0.9435615965902118,0.7170031055900621
294_satellite_image,6,1000,1.0,644,8,1000,1.096398115158081,1.0463569164276123,1.0161532163619995,1.0152812004089355,1.1094075441360474,1.0564559698104858,0.8877408154399681,0.7447593167701863
294_satellite_image,6,1000,2.0,644,8,1000,1.0270674228668213,1.0128004550933838,1.0168776512145996,1.0282117128372192,1.0078681707382202,1.0127644538879395,0.8489229050483524,0.8233695652173912
294_satellite_image,6,1000,3.0,644,8,1000,1.034168004989624,1.0380363464355469,1.0131653547286987,1.0173609256744385,1.0455684661865234,1.0256174802780151,0.8211367408036476,0.9101319875776397
294_satellite_image,6,200,1.0,644,8,1000,1.003188967704773,1.0022621154785156,1.003147006034851,1.0021274089813232,1.0076512098312378,1.001254916191101,0.9380005931457722,0.8037655279503106
294_satellite_image,6,200,3.0,644,8,1000,1.00105881690979,1.0024455785751343,1.0008028745651245,1.003121018409729,1.0004585981369019,1.0025440454483032,0.8907677946993275,0.9415760869565217
294_satellite_image,6,200,2.0,644,8,1000,1.0001295804977417,1.001102328300476,1.0001463890075684,1.000480055809021,1.0041272640228271,1.0003399848937988,0.9156510107932713,0.8573369565217392
294_satellite_image,1,200,1.0,644,8,1000,1.0051203966140747,1.0049933195114136,1.002879023551941,1.0019400119781494,1.0026533603668213,1.0020158290863037,0.9373104152368705,0.780861801242236
294_satellite_image,1,200,2.0,644,8,1000,1.00009286403656,1.0010459423065186,1.001067042350769,1.0007317066192627,0.9999043941497803,1.0018967390060425,0.9120388456647774,0.8693711180124224
294_satellite_image,1,200,3.0,644,8,1000,1.0009040832519531,1.000627875328064,1.0011276006698608,1.001222014427185,1.0068997144699097,1.0023258924484253,0.872018748207785,0.9536102484472051
294_satellite_image,1,1000,1.0,644,8,1000,1.0624204874038696,1.0785335302352905,1.0669641494750977,1.0360652208328247,1.0191526412963867,1.011324405670166,0.8956647987728678,0.7387422360248448
294_satellite_image,1,1000,3.0,644,8,1000,1.030786395072937,1.0381340980529785,1.0188661813735962,1.0224779844284058,1.0336878299713135,1.0164031982421875,0.8194592470803843,0.9054736024844721
294_satellite_image,1,1000,2.0,644,8,1000,1.0242624282836914,1.0097942352294922,1.0039067268371582,1.0138627290725708,1.0179489850997925,1.009183406829834,0.855938172149298,0.8161878881987578
low_lei_candes,7,200,1.0,500,8,1000,1.0087707042694092,1.013789176940918,1.0178561210632324,1.0188286304473877,1.0124610662460327,1.0920050144195557,0.2849569970036523,0.9745
low_lei_candes,7,200,2.0,500,8,1000,1.0066497325897217,1.0059481859207153,1.001834511756897,1.0070384740829468,1.026435375213623,1.0192978382110596,0.3239378009990147,0.99325
low_lei_candes,7,200,3.0,500,8,1000,1.0013082027435303,1.0081760883331299,1.0055758953094482,1.002627968788147,1.0035977363586426,1.00175142288208,0.5131959813289921,0.9975
low_lei_candes,7,10000,3.0,500,8,1000,1.1076222658157349,1.037793517112732,1.0480055809020996,1.0593516826629639,1.078903079032898,1.0398191213607788,0.11820466627040516,0.996
low_lei_candes,7,10000,2.0,500,8,1000,1.1148005723953247,1.0421451330184937,1.017214298248291,1.0347254276275635,1.0308278799057007,1.1110090017318726,0.0727719539253888,0.9802500000000001
low_lei_candes,7,10000,1.0,500,8,1000,1.3481276035308838,1.301997184753418,1.0894229412078857,1.1009827852249146,1.1472728252410889,1.2575089931488037,0.08242790519068298,0.9035
low_lei_candes,7,1000,2.0,500,8,1000,1.0129148960113525,1.0364363193511963,1.019923448562622,1.0050745010375977,1.0068660974502563,1.0086369514465332,0.1663858975318036,0.999
low_lei_candes,7,1000,3.0,500,8,1000,1.0424747467041016,1.0484691858291626,1.0417431592941284,1.0236091613769531,1.0265941619873047,1.0785051584243774,0.28435355930378425,1.0
low_lei_candes,7,1000,1.0,500,8,1000,1.0182981491088867,1.0155867338180542,1.0125759840011597,1.0220248699188232,1.0414994955062866,1.0935686826705933,0.1657514361958657,0.9844999999999999
low_lei_candes,3,200,1.0,500,8,1000,1.0201438665390015,1.0241823196411133,1.0167189836502075,1.008858323097229,1.0175718069076538,1.0769017934799194,0.3190272686456404,0.9695
low_lei_candes,3,200,3.0,500,8,1000,1.0049701929092407,1.0087580680847168,1.0088764429092407,1.0071539878845215,1.0061426162719727,1.0054121017456055,0.6596165122611235,0.98025
low_lei_candes,3,200,2.0,500,8,1000,1.0058361291885376,1.0044715404510498,1.0053927898406982,1.0094246864318848,1.015356183052063,1.0281718969345093,0.42676802454521656,0.97925
low_lei_candes,3,10000,1.0,500,8,1000,1.1903159618377686,1.1653798818588257,1.1102402210235596,1.0859160423278809,1.0809767246246338,1.2636100053787231,0.09024728668592924,0.88425
low_lei_candes,3,10000,3.0,500,8,1000,1.0787949562072754,1.0384260416030884,1.0221154689788818,1.022169828414917,1.0106000900268555,1.0895490646362305,0.12084200232241235,0.99725
low_lei_candes,3,10000,2.0,500,8,1000,1.0584684610366821,1.0543314218521118,1.0378528833389282,1.0202462673187256,1.0449249744415283,1.0878934860229492,0.08166162402254526,0.973
low_lei_candes,3,1000,2.0,500,8,1000,1.0134092569351196,1.012067198753357,1.0233325958251953,1.020285964012146,1.01715886592865,1.0106216669082642,0.17869471953667337,0.996
low_lei_candes,3,1000,3.0,500,8,1000,1.0534179210662842,1.0375789403915405,1.0314037799835205,1.0341753959655762,1.0431216955184937,1.038551926612854,0.2806481743700076,1.0
low_lei_candes,3,1000,1.0,500,8,1000,1.0824886560440063,1.0289491415023804,1.0217595100402832,1.0298519134521484,1.0765153169631958,1.158883810043335,0.17727091423670382,0.9652499999999999
low_lei_candes,9,10000,1.0,500,8,1000,1.2701138257980347,1.2720227241516113,1.1128325462341309,1.0844882726669312,1.1777079105377197,1.0240323543548584,0.08519010197703977,0.9012500000000001
low_lei_candes,9,10000,2.0,500,8,1000,1.0717698335647583,1.0447254180908203,1.0135924816131592,1.0417181253433228,1.0710930824279785,1.0702298879623413,0.07253318652558759,0.9814999999999999
low_lei_candes,9,10000,3.0,500,8,1000,1.118543028831482,1.0441573858261108,1.0621892213821411,1.0788993835449219,1.0810763835906982,1.0261458158493042,0.11728097429019639,0.999
low_lei_candes,9,200,2.0,500,8,1000,1.004317283630371,1.0029820203781128,1.0011922121047974,1.0002039670944214,1.0019611120224,1.0098882913589478,0.37914927027615974,0.98475
low_lei_candes,9,200,3.0,500,8,1000,1.00413978099823,1.000820517539978,1.0014667510986328,1.0025432109832764,1.0056649446487427,1.0100986957550049,0.5890617348212406,0.98725
low_lei_candes,9,200,1.0,500,8,1000,1.0150704383850098,1.015945553779602,1.0155837535858154,1.0058722496032715,1.0154105424880981,1.0394972562789917,0.3092820018100728,0.96925
low_lei_candes,9,1000,2.0,500,8,1000,1.0334733724594116,1.0165882110595703,1.0173635482788086,1.0116474628448486,1.0113613605499268,1.0476011037826538,0.16645515416877832,0.99975
low_lei_candes,9,1000,3.0,500,8,1000,1.0630265474319458,1.050063967704773,1.0530353784561157,1.0434858798980713,1.0396263599395752,1.0196765661239624,0.279779119252524,1.0
low_lei_candes,9,1000,1.0,500,8,1000,1.0576928853988647,1.0245572328567505,1.0287889242172241,1.036886215209961,1.039483666419983,1.0840092897415161,0.16663784522223102,0.98
low_lei_candes,4,200,2.0,500,8,1000,1.0097054243087769,1.005897879600525,1.0057499408721924,1.0053898096084595,1.0079522132873535,1.0162628889083862,0.4788861821081335,0.97275
low_lei_candes,4,200,3.0,500,8,1000,1.0024476051330566,1.0027477741241455,1.002686858177185,1.0053247213363647,1.004603624343872,1.0108966827392578,0.662226799081306,0.9784999999999999
low_lei_candes,4,200,1.0,500,8,1000,1.0143848657608032,1.021332859992981,1.0174808502197266,1.0082651376724243,1.0142402648925781,1.0168534517288208,0.3880687936567623,0.9484999999999999
low_lei_candes,4,1000,1.0,500,8,1000,1.0806877613067627,1.0249112844467163,1.0208866596221924,1.036131739616394,1.0700321197509766,1.167717695236206,0.17270022772966806,0.98225
low_lei_candes,4,1000,3.0,500,8,1000,1.0253769159317017,1.0116777420043945,1.012329339981079,1.0146372318267822,1.0174669027328491,1.0355393886566162,0.28917942351368253,1.0
low_lei_candes,4,1000,2.0,500,8,1000,1.0518298149108887,1.0117121934890747,1.003761887550354,1.01164710521698,1.0243533849716187,1.025052785873413,0.1663694083546468,0.99925
low_lei_candes,4,10000,1.0,500,8,1000,1.3156782388687134,1.150416612625122,1.1007463932037354,1.0438015460968018,1.079281210899353,1.091078758239746,0.0891330622442148,0.886
low_lei_candes,4,10000,3.0,500,8,1000,1.0694605112075806,1.1326595544815063,1.0680328607559204,1.0261110067367554,1.084945559501648,1.0291862487792969,0.12686010736722844,0.99625
low_lei_candes,4,10000,2.0,500,8,1000,1.079256296157837,1.06605064868927,1.0350075960159302,1.0357050895690918,1.034174919128418,1.0563515424728394,0.07960918211063886,0.976
low_lei_candes,6,10000,3.0,500,8,1000,1.0551564693450928,1.0294606685638428,1.0199427604675293,1.0260579586029053,1.0559098720550537,1.0363940000534058,0.11353404972901995,0.9984999999999999
low_lei_candes,6,10000,2.0,500,8,1000,1.091928243637085,1.1244056224822998,1.0456594228744507,1.0256508588790894,1.0359535217285156,1.0714329481124878,0.0731319769218588,0.9755
low_lei_candes,6,10000,1.0,500,8,1000,1.330344557762146,1.1166353225708008,1.141558289527893,1.0617008209228516,1.0779693126678467,1.1312518119812012,0.08627965198549489,0.903
low_lei_candes,6,1000,1.0,500,8,1000,1.0289500951766968,1.077871561050415,1.0347492694854736,1.0178383588790894,1.0328514575958252,1.0630563497543335,0.175686486382412,0.977
low_lei_candes,6,1000,3.0,500,8,1000,1.0159517526626587,1.0305143594741821,1.031187653541565,1.013142704963684,1.0071134567260742,1.0263164043426514,0.2788418603196068,1.0
low_lei_candes,6,1000,2.0,500,8,1000,1.0403090715408325,1.0089432001113892,1.0154569149017334,1.0210211277008057,1.0154963731765747,1.0145515203475952,0.1770181072621121,0.999
low_lei_candes,6,200,1.0,500,8,1000,1.0124479532241821,1.0019192695617676,1.008753776550293,1.0119367837905884,1.0090529918670654,1.021017074584961,0.3565724612554607,0.94225
low_lei_candes,6,200,2.0,500,8,1000,1.0039887428283691,1.0038162469863892,1.0010986328125,1.0062733888626099,1.0152206420898438,1.0071513652801514,0.5121980159405627,0.9377500000000001
low_lei_candes,6,200,3.0,500,8,1000,1.0063977241516113,1.0086301565170288,1.0054609775543213,1.0041389465332031,1.0055001974105835,1.00972580909729,0.7216197571477044,0.9537499999999999
low_lei_candes,1,1000,1.0,500,8,1000,1.125495433807373,1.0559898614883423,1.0664923191070557,1.0879878997802734,1.0694271326065063,1.0885493755340576,0.1934926129755661,0.9637499999999999
low_lei_candes,1,1000,3.0,500,8,1000,1.0087738037109375,1.019073247909546,1.0160778760910034,1.01058030128479,1.0091968774795532,1.0225073099136353,0.31346973800968936,1.0
low_lei_candes,1,1000,2.0,500,8,1000,1.0350382328033447,1.0076733827590942,1.0081816911697388,1.0140202045440674,1.0399845838546753,1.0284897089004517,0.19989482869015618,0.9975
low_lei_candes,1,200,3.0,500,8,1000,1.0041985511779785,1.0045409202575684,1.0023481845855713,1.0044410228729248,1.0066908597946167,1.0023696422576904,0.6294001580222267,0.9745
low_lei_candes,1,200,2.0,500,8,1000,1.0024138689041138,1.0095881223678589,1.0065737962722778,1.0045175552368164,1.0101674795150757,1.0085989236831665,0.4217202590798359,0.96925
low_lei_candes,1,200,1.0,500,8,1000,1.0144352912902832,1.0088237524032593,1.0031901597976685,1.0139471292495728,1.039955973625183,1.080749750137329,0.3114600904831905,0.9657499999999999
low_lei_candes,1,10000,1.0,500,8,1000,1.0606271028518677,1.2419474124908447,1.1709760427474976,1.0820631980895996,1.1377240419387817,1.4435715675354004,0.08692411221623772,0.8975
low_lei_candes,1,10000,3.0,500,8,1000,1.0598043203353882,1.0809403657913208,1.0501437187194824,1.0223783254623413,1.0527443885803223,1.066250205039978,0.1158033603338231,0.999
low_lei_candes,1,10000,2.0,500,8,1000,1.0717926025390625,1.0578532218933105,1.0172436237335205,1.0163171291351318,1.0330674648284912,1.063439965248108,0.0759229426093941,0.9744999999999999
low_lei_candes,10,1000,1.0,500,8,1000,1.1011614799499512,1.049777865409851,1.058337688446045,1.0484591722488403,1.016419768333435,1.5944255590438843,0.17717521759574112,0.9757499999999999
low_lei_candes,10,1000,2.0,500,8,1000,1.0265769958496094,1.003687858581543,1.0074195861816406,1.0094590187072754,1.016197681427002,1.086075782775879,0.1747207829825821,0.99975
low_lei_candes,10,1000,3.0,500,8,1000,1.0537264347076416,1.0471490621566772,1.036696195602417,1.0425262451171875,1.0547276735305786,1.0582753419876099,0.2978047058776728,1.0
low_lei_candes,10,10000,3.0,500,8,1000,1.031838059425354,1.0954358577728271,1.0574337244033813,1.0229694843292236,1.056579828262329,1.114118218421936,0.11892484735589756,0.9984999999999999
low_lei_candes,10,10000,2.0,500,8,1000,1.0208232402801514,1.0101797580718994,1.0104410648345947,1.0175191164016724,1.0401911735534668,1.3628625869750977,0.07452923126332331,0.98
low_lei_candes,10,10000,1.0,500,8,1000,1.225441575050354,1.2407439947128296,1.0958105325698853,1.0330731868743896,1.1504772901535034,2.596040964126587,0.08680532258771806,0.889
low_lei_candes,10,200,1.0,500,8,1000,1.021127700805664,1.029861330986023,1.0289932489395142,1.015669345855713,1.009466528892517,1.1348962783813477,0.25766411276951906,0.99375
low_lei_candes,10,200,2.0,500,8,1000,1.0038540363311768,1.0219178199768066,1.008057713508606,1.0020158290863037,1.0150996446609497,1.0147759914398193,0.31404173652272815,1.0
low_lei_candes,10,200,3.0,500,8,1000,1.0045942068099976,1.0060572624206543,1.008238673210144,1.0070770978927612,1.0027134418487549,1.0029993057250977,0.5006074966399964,0.99725
low_lei_candes,5,200,2.0,500,8,1000,1.002142310142517,1.0046814680099487,1.0019776821136475,1.0031251907348633,1.0068914890289307,1.018080234527588,0.3640927531562591,0.9985
low_lei_candes,5,200,3.0,500,8,1000,1.0066131353378296,1.0094810724258423,1.0090984106063843,1.0038890838623047,1.0023622512817383,1.0079776048660278,0.6176558876724779,0.995
low_lei_candes,5,200,1.0,500,8,1000,1.039625644683838,1.0149585008621216,1.0138237476348877,1.0171146392822266,1.0307997465133667,1.0390496253967285,0.2899209612651743,0.9877499999999999
low_lei_candes,5,1000,1.0,500,8,1000,1.090632438659668,1.0164939165115356,1.023987889289856,1.0259572267532349,1.0744705200195312,1.0576564073562622,0.16131990311989883,0.98225
low_lei_candes,5,1000,2.0,500,8,1000,1.0116667747497559,1.0018796920776367,1.0051957368850708,1.0112963914871216,1.0154290199279785,1.0284385681152344,0.16384731500356184,0.9995
low_lei_candes,5,1000,3.0,500,8,1000,1.0334229469299316,1.0456734895706177,1.051413893699646,1.0170071125030518,1.016548991203308,1.0241901874542236,0.27813206174935967,1.0
low_lei_candes,5,10000,1.0,500,8,1000,1.1061391830444336,1.0942871570587158,1.04091477394104,1.0191550254821777,1.0886733531951904,1.1105777025222778,0.09042710597648011,0.888
low_lei_candes,5,10000,2.0,500,8,1000,1.1518474817276,1.058120846748352,1.0333505868911743,1.0571856498718262,1.095922589302063,1.0781651735305786,0.07911123947674037,0.9722500000000001
low_lei_candes,5,10000,3.0,500,8,1000,1.046849250793457,1.0346369743347168,1.0216237306594849,1.0517224073410034,1.1028200387954712,1.0463790893554688,0.11964011604519628,0.997
low_lei_candes,8,200,1.0,500,8,1000,1.0098695755004883,1.006467342376709,1.007947564125061,1.011009931564331,1.0209563970565796,1.0662838220596313,0.24815615363948246,0.9942500000000001
low_lei_candes,8,200,2.0,500,8,1000,1.004209280014038,1.0029876232147217,1.0015878677368164,1.0051343441009521,1.0160757303237915,1.0166932344436646,0.3095510965286392,0.9995
low_lei_candes,8,200,3.0,500,8,1000,1.0014744997024536,1.0032235383987427,1.0016164779663086,1.001007318496704,1.0011812448501587,1.0024992227554321,0.5333999096313837,0.9962500000000001
low_lei_candes,8,10000,3.0,500,8,1000,1.0672802925109863,1.082519292831421,1.0571833848953247,1.0466185808181763,1.0561063289642334,1.0896271467208862,0.11717749838822095,0.998
low_lei_candes,8,10000,2.0,500,8,1000,1.0404918193817139,1.0771913528442383,1.0232372283935547,1.0413345098495483,1.089302659034729,1.0791488885879517,0.0693373233653238,0.98725
low_lei_candes,8,10000,1.0,500,8,1000,1.2497669458389282,1.1956974267959595,1.1017881631851196,1.0409719944000244,1.0846481323242188,1.4897637367248535,0.08227870079062974,0.9115000000000001
low_lei_candes,8,1000,3.0,500,8,1000,1.016190528869629,1.015706181526184,1.0139870643615723,1.0171959400177002,1.0198639631271362,1.010482668876648,0.27630725733429023,1.0
low_lei_candes,8,1000,2.0,500,8,1000,1.0132460594177246,1.0133731365203857,1.0087555646896362,1.0115293264389038,1.01718008518219,1.0352275371551514,0.16464811483509256,0.99925
low_lei_candes,8,1000,1.0,500,8,1000,1.0894420146942139,1.0258413553237915,1.0479711294174194,1.0768239498138428,1.113311529159546,1.1147743463516235,0.16589529907508377,0.978
low_lei_candes,2,200,1.0,500,8,1000,1.015784502029419,1.0183732509613037,1.0201886892318726,1.018039584159851,1.0156776905059814,1.0331064462661743,0.2887193978667538,0.98325
low_lei_candes,2,200,2.0,500,8,1000,1.0102840662002563,1.008995771408081,1.0103014707565308,1.015381932258606,1.0195966958999634,1.017503023147583,0.38533553806617915,0.98325
low_lei_candes,2,200,3.0,500,8,1000,1.0031689405441284,1.0008808374404907,1.0010018348693848,1.0038256645202637,1.0070942640304565,1.0022881031036377,0.6319660067118245,0.978
low_lei_candes,2,10000,3.0,500,8,1000,1.0088613033294678,1.0869230031967163,1.0399245023727417,1.020904302597046,1.1134121417999268,1.0774253606796265,0.12024335836766847,0.99725
low_lei_candes,2,10000,2.0,500,8,1000,1.0849932432174683,1.0493119955062866,1.0193133354187012,1.0430151224136353,1.0624960660934448,1.1001979112625122,0.0739824432556458,0.979
low_lei_candes,2,10000,1.0,500,8,1000,1.142572045326233,1.129216194152832,1.0892022848129272,1.0992904901504517,1.083450436592102,1.2209715843200684,0.08157768938828834,0.90675
low_lei_candes,2,1000,1.0,500,8,1000,1.0592628717422485,1.0780620574951172,1.0627336502075195,1.0392664670944214,1.0260746479034424,1.0798832178115845,0.16489070258307392,0.9804999999999999
low_lei_candes,2,1000,2.0,500,8,1000,1.014270305633545,1.0274568796157837,1.0176501274108887,1.004850149154663,1.0044480562210083,1.0306520462036133,0.15989274914010237,0.99875
low_lei_candes,2,1000,3.0,500,8,1000,1.0428917407989502,1.0186222791671753,1.0178920030593872,1.0268375873565674,1.03224778175354,1.0372763872146606,0.27756532824365593,1.0
1201_BNG_breastTumor,9,10000,1.0,11664,8,1000,1.0003975629806519,1.0048518180847168,1.0062659978866577,1.0067490339279175,1.0145667791366577,1.0324796438217163,9.501206057874654,0.209855109739369
1201_BNG_breastTumor,9,1000,1.0,11664,8,1000,0.999579668045044,1.0003267526626587,1.0014241933822632,0.9998190999031067,1.0011118650436401,1.0022165775299072,9.859288460983429,0.40846836419753085
1201_BNG_breastTumor,9,1000,2.0,11664,8,1000,0.9996916651725769,0.9998745918273926,0.9996500015258789,0.9998841881752014,0.9999830722808838,0.9997972249984741,9.921397620498126,0.5351723251028807
1201_BNG_breastTumor,9,1000,3.0,11664,8,1000,1.0000770092010498,1.0016248226165771,1.0008189678192139,1.0001742839813232,1.00078284740448,1.0023609399795532,10.158475332051157,0.7056434327846365
1201_BNG_breastTumor,9,200,3.0,11664,8,1000,1.0012922286987305,1.0034170150756836,1.001250147819519,1.001315951347351,1.002777338027954,1.0048503875732422,10.426984405872751,0.76326731824417
1201_BNG_breastTumor,9,200,2.0,11664,8,1000,0.9997324347496033,1.0012346506118774,0.9999527335166931,0.9996076226234436,1.0003465414047241,1.000676155090332,10.20298721864409,0.6289866255144033
1201_BNG_breastTumor,9,200,1.0,11664,8,1000,0.9997646808624268,0.9997706413269043,0.999718189239502,0.9998524188995361,0.99992835521698,0.9998869299888611,10.154459556002369,0.5232874657064471
1201_BNG_breastTumor,3,1000,2.0,11664,8,1000,0.9995964169502258,1.0008186101913452,0.9996750354766846,0.9998040795326233,0.9999037981033325,1.001185655593872,9.891525622340026,0.533789866255144
1201_BNG_breastTumor,3,1000,3.0,11664,8,1000,1.0003026723861694,1.0117323398590088,1.0045069456100464,1.0005322694778442,1.0021283626556396,1.0067098140716553,10.138587988033937,0.6843599965706447
1201_BNG_breastTumor,3,1000,1.0,11664,8,1000,0.9998583793640137,1.0019421577453613,1.0013214349746704,0.9997915029525757,1.000387191772461,1.0012892484664917,9.835997187688864,0.4118334190672154
1201_BNG_breastTumor,3,200,1.0,11664,8,1000,0.9996650815010071,0.9996198415756226,0.9998143911361694,0.9996011853218079,0.9998106360435486,0.9999330043792725,10.069247911404666,0.5665830761316872
1201_BNG_breastTumor,3,200,3.0,11664,8,1000,1.0001235008239746,1.0014493465423584,1.0004085302352905,1.0001691579818726,1.0007526874542236,1.0016131401062012,10.49898707062528,0.806187842935528
1201_BNG_breastTumor,3,200,2.0,11664,8,1000,0.9996768832206726,1.0000557899475098,0.9997845888137817,0.9997404217720032,0.999701201915741,0.9999525547027588,10.190980620042325,0.6643518518518519
1201_BNG_breastTumor,3,10000,1.0,11664,8,1000,1.0013446807861328,1.0057833194732666,1.0085651874542236,1.0087404251098633,1.016680359840393,1.009597897529602,9.555940733987484,0.20248199588477367
1201_BNG_breastTumor,4,200,1.0,11664,8,1000,0.9997059106826782,1.0002601146697998,0.9997476935386658,0.9997003674507141,0.9996217489242554,0.9997396469116211,10.31893297605571,0.49486668381344306
1201_BNG_breastTumor,4,200,2.0,11664,8,1000,0.9999735951423645,1.0004332065582275,0.999697744846344,0.9999657273292542,1.0006273984909058,1.0002405643463135,10.399531867621427,0.6101144547325104
1201_BNG_breastTumor,4,200,3.0,11664,8,1000,1.0001285076141357,1.0010308027267456,1.0006521940231323,1.0002230405807495,1.0006195306777954,1.0022614002227783,10.681569269327344,0.7563443072702332
1201_BNG_breastTumor,4,1000,3.0,11664,8,1000,1.0002607107162476,1.0031465291976929,1.0039746761322021,1.0008127689361572,1.0013937950134277,1.0090875625610352,10.03225636148315,0.67309670781893
1201_BNG_breastTumor,4,1000,2.0,11664,8,1000,0.9996284246444702,0.9999669790267944,0.9998858571052551,0.9996412396430969,1.0002269744873047,1.0010374784469604,9.846891934997998,0.5107167352537723
1201_BNG_breastTumor,4,1000,1.0,11664,8,1000,0.9996882081031799,1.0007156133651733,1.0000663995742798,0.9997289180755615,0.9998155832290649,0.9998109340667725,9.813756481086314,0.3847307956104252
1201_BNG_breastTumor,4,10000,1.0,11664,8,1000,1.0029499530792236,1.0171246528625488,1.0089865922927856,1.0285054445266724,1.010347604751587,1.0238158702850342,9.57384978812453,0.20632930384087794
1201_BNG_breastTumor,7,1000,1.0,11664,8,1000,1.0000299215316772,0.9999628663063049,0.9997752904891968,1.0000207424163818,1.00051748752594,1.000527024269104,9.673002059281558,0.4235789609053498
1201_BNG_breastTumor,7,1000,3.0,11664,8,1000,1.0008097887039185,1.004084587097168,1.0012099742889404,1.0005295276641846,1.002719759941101,1.0052732229232788,10.029406753603652,0.7173461076817559
1201_BNG_breastTumor,7,1000,2.0,11664,8,1000,0.9996957778930664,1.002213478088379,1.0003787279129028,0.9996685981750488,1.0006587505340576,1.0018675327301025,9.74122098715102,0.5487611454046639
1201_BNG_breastTumor,7,200,2.0,11664,8,1000,0.9995903372764587,1.0006343126296997,0.9998478293418884,0.9995518326759338,1.0001165866851807,1.0015149116516113,9.828858162292944,0.66284079218107
1201_BNG_breastTumor,7,200,3.0,11664,8,1000,0.999779462814331,1.0018980503082275,1.000415325164795,0.9999575614929199,1.0005407333374023,1.0025216341018677,10.076285233697467,0.8175690157750343
1201_BNG_breastTumor,7,200,1.0,11664,8,1000,0.9995574951171875,1.0002005100250244,0.9995629191398621,0.9995715618133545,0.999626636505127,0.9995928406715393,9.80162884640471,0.5427490569272977
1201_BNG_breastTumor,7,10000,1.0,11664,8,1000,1.0018199682235718,1.0152578353881836,1.0111864805221558,1.0153642892837524,1.0064407587051392,1.0323724746704102,9.38165137950364,0.20393947187928668
1201_BNG_breastTumor,5,10000,1.0,11664,8,1000,1.0022162199020386,1.0067986249923706,1.005466103553772,1.032309889793396,1.0124675035476685,1.0338242053985596,9.52618030545324,0.20466820987654322
1201_BNG_breastTumor,5,1000,1.0,11664,8,1000,0.9998543858528137,1.0000842809677124,1.0000615119934082,1.0001698732376099,1.0005007982254028,1.0004966259002686,9.79909365211465,0.414769804526749
1201_BNG_breastTumor,5,1000,2.0,11664,8,1000,0.9996398687362671,1.0029164552688599,1.0018254518508911,1.0000438690185547,1.0007797479629517,1.0047835111618042,9.871333452468914,0.5305534122085047
1201_BNG_breastTumor,5,1000,3.0,11664,8,1000,0.9997100234031677,1.0119489431381226,1.0086088180541992,1.0004291534423828,1.0040862560272217,1.022107720375061,10.12345310009465,0.6872749485596708
1201_BNG_breastTumor,5,200,1.0,11664,8,1000,0.9995672702789307,0.9998354315757751,0.9997010827064514,0.9996938109397888,0.999715268611908,0.9997283816337585,10.07922406555522,0.5557377400548696
1201_BNG_breastTumor,5,200,2.0,11664,8,1000,0.9996717572212219,1.0004136562347412,0.9999304413795471,0.9995981454849243,0.9997345209121704,0.9998963475227356,10.212938676180224,0.6708354766803841
1201_BNG_breastTumor,5,200,3.0,11664,8,1000,1.0001951456069946,1.003343105316162,1.0002615451812744,1.0003527402877808,1.0019761323928833,1.0041580200195312,10.501112915576956,0.8150612997256516
1201_BNG_breastTumor,10,200,1.0,11664,8,1000,0.9996060132980347,0.9999090433120728,0.9997139573097229,0.9997430443763733,0.9997745752334595,0.9998188614845276,10.224466399036832,0.5018968621399177
1201_BNG_breastTumor,10,200,2.0,11664,8,1000,0.9997634291648865,0.9998859763145447,1.0002622604370117,0.9998807311058044,0.9999096393585205,1.0002937316894531,10.26006469912188,0.6150655864197532
1201_BNG_breastTumor,10,200,3.0,11664,8,1000,0.9997116923332214,1.001357078552246,1.0008373260498047,0.9996668100357056,0.9999664425849915,1.0008972883224487,10.435686135308284,0.7690650720164609
1201_BNG_breastTumor,10,10000,1.0,11664,8,1000,1.0033537149429321,1.0129420757293701,1.0416816473007202,1.0370851755142212,1.007038950920105,1.009688138961792,9.486216950457692,0.2112804355281207
1201_BNG_breastTumor,10,1000,3.0,11664,8,1000,0.9996697306632996,1.0087491273880005,1.0053995847702026,0.9998639822006226,1.003888726234436,1.0127660036087036,10.075778820163173,0.6932763203017833
1201_BNG_breastTumor,10,1000,2.0,11664,8,1000,0.9997695088386536,1.0012162923812866,1.0003520250320435,1.000026822090149,0.9998428821563721,1.0008317232131958,9.794400965281927,0.5282921810699589
1201_BNG_breastTumor,10,1000,1.0,11664,8,1000,0.9999344944953918,1.0010018348693848,0.9999697804450989,1.0003585815429688,1.0000412464141846,1.0014370679855347,9.729936415294734,0.40419238683127573
1201_BNG_breastTumor,2,10000,1.0,11664,8,1000,1.0000799894332886,1.0159454345703125,1.0139216184616089,1.008899450302124,1.0018563270568848,1.011454463005066,9.505327283635712,0.2074974279835391
1201_BNG_breastTumor,2,200,2.0,11664,8,1000,0.9998154640197754,1.0002853870391846,0.9998212456703186,1.0000066757202148,1.0002281665802002,1.0011584758758545,10.188020797380323,0.6562714334705075
1201_BNG_breastTumor,2,200,3.0,11664,8,1000,1.0001832246780396,1.0025277137756348,1.0004321336746216,1.000664472579956,1.0015981197357178,1.0017585754394531,10.6221681837599,0.7961676954732511
1201_BNG_breastTumor,2,200,1.0,11664,8,1000,0.9995243549346924,0.999628484249115,0.9996045231819153,0.9996067881584167,0.9995578527450562,0.9996410012245178,10.086770282533609,0.5506365740740741
1201_BNG_breastTumor,2,1000,2.0,11664,8,1000,0.9998242855072021,1.0001581907272339,0.9999500513076782,0.999966025352478,1.0005884170532227,1.0010606050491333,9.819202009016566,0.5110382373113854
1201_BNG_breastTumor,2,1000,3.0,11664,8,1000,0.9997171759605408,1.003035068511963,1.0017590522766113,0.9999008178710938,1.0008883476257324,1.006357192993164,10.013830098879554,0.6821523491083676
1201_BNG_breastTumor,2,1000,1.0,11664,8,1000,0.999640941619873,1.0007678270339966,1.000012755393982,0.9997321963310242,1.0000863075256348,1.0006945133209229,9.77302783811298,0.38518089849108367
1201_BNG_breastTumor,8,1000,3.0,11664,8,1000,1.00017249584198,1.0065058469772339,1.0018295049667358,1.0000618696212769,1.0009000301361084,1.0054306983947754,10.090790804033613,0.6780907064471879
1201_BNG_breastTumor,8,1000,2.0,11664,8,1000,0.9997795224189758,1.0001552104949951,0.999824047088623,0.9997212886810303,0.9996657371520996,1.0000470876693726,9.851280808851893,0.515764317558299
1201_BNG_breastTumor,8,1000,1.0,11664,8,1000,0.9999021887779236,1.0004849433898926,1.0002973079681396,0.9998757243156433,1.0000975131988525,1.0010980367660522,9.794236610326877,0.40144890260631005
1201_BNG_breastTumor,8,200,3.0,11664,8,1000,0.9998906254768372,1.0016908645629883,1.0009270906448364,0.999958872795105,0.9999982118606567,1.0010274648666382,10.498081445238274,0.7594735939643347
1201_BNG_breastTumor,8,200,2.0,11664,8,1000,0.9996614456176758,1.0023077726364136,1.0001152753829956,0.9996030330657959,1.00058913230896,1.0024131536483765,10.287300769311539,0.6157943244170097
1201_BNG_breastTumor,8,200,1.0,11664,8,1000,0.9995421171188354,1.0001487731933594,0.99965500831604,0.9995824694633484,0.9996926188468933,0.9996377229690552,10.259515542375642,0.5080589849108368
1201_BNG_breastTumor,8,10000,1.0,11664,8,1000,1.0011318922042847,1.0149425268173218,1.0102509260177612,1.032710313796997,1.0107213258743286,1.011093258857727,9.560032213079044,0.202889231824417
1201_BNG_breastTumor,6,200,1.0,11664,8,1000,0.9995955228805542,0.9998811483383179,0.9996740818023682,0.9996545314788818,0.9996784329414368,1.0001227855682373,10.190995460199112,0.5101273148148149
1201_BNG_breastTumor,6,200,3.0,11664,8,1000,0.9997450709342957,1.00269615650177,1.0006885528564453,1.0001602172851562,1.0005335807800293,1.0028489828109741,10.597130295302431,0.7743912894375857
1201_BNG_breastTumor,6,200,2.0,11664,8,1000,0.9995729923248291,1.0008258819580078,0.9999057054519653,0.9996494054794312,0.9999702572822571,1.0004081726074219,10.28481879401388,0.625
1201_BNG_breastTumor,6,1000,2.0,11664,8,1000,0.999665379524231,1.0009416341781616,1.0001869201660156,1.0000492334365845,1.000205397605896,1.0010167360305786,9.844420988320644,0.542781207133059
1201_BNG_breastTumor,6,1000,3.0,11664,8,1000,1.0008611679077148,1.0114942789077759,1.0040069818496704,1.0013445615768433,1.003342628479004,1.0105292797088623,10.071153167120853,0.7055898491083676
1201_BNG_breastTumor,6,1000,1.0,11664,8,1000,0.999824583530426,1.0001018047332764,1.0003397464752197,1.0001049041748047,0.9999458193778992,1.0002188682556152,9.799082039188752,0.41513417352537724
1201_BNG_breastTumor,6,10000,1.0,11664,8,1000,1.0008771419525146,1.0148707628250122,1.0087544918060303,1.003684163093567,1.008508324623108,1.021125316619873,9.631817478011756,0.2038644547325103
1201_BNG_breastTumor,1,1000,1.0,11664,8,1000,1.0002034902572632,1.0009154081344604,1.0004953145980835,1.0010759830474854,0.9999740123748779,1.0000135898590088,9.811501783555306,0.40982938957475995
1201_BNG_breastTumor,1,1000,3.0,11664,8,1000,1.000524878501892,1.0115607976913452,1.0056599378585815,1.0014526844024658,1.0033869743347168,1.0105539560317993,10.16467505615627,0.6921724965706447
1201_BNG_breastTumor,1,1000,2.0,11664,8,1000,1.0003403425216675,1.001168966293335,1.0013172626495361,1.0003308057785034,0.9998156428337097,1.0007941722869873,9.881067564231946,0.5323109567901234
1201_BNG_breastTumor,1,10000,1.0,11664,8,1000,1.001016616821289,1.0165826082229614,1.0097187757492065,1.0110468864440918,1.0450156927108765,1.015648603439331,9.492307378821208,0.21508487654320987
1201_BNG_breastTumor,1,200,1.0,11664,8,1000,0.9995883703231812,0.9998356103897095,0.9997011423110962,0.9995848536491394,0.9996479153633118,0.9998713731765747,10.031579900948032,0.5531550068587106
1201_BNG_breastTumor,1,200,3.0,11664,8,1000,0.9998062252998352,1.004273772239685,1.0021824836730957,0.9998268485069275,1.0014677047729492,1.0059467554092407,10.426825363409687,0.8019440157750343
1201_BNG_breastTumor,1,200,2.0,11664,8,1000,0.9995903968811035,1.000740885734558,1.0002232789993286,0.9996469616889954,1.0000947713851929,1.0010676383972168,10.114933409520376,0.6604616769547325
california_housing,7,200,3.0,2064,8,1000,1.0018020868301392,1.0040345191955566,1.0016051530838013,1.0019245147705078,1.002027153968811,1.0082430839538574,0.7145907846629729,0.9426477713178294
california_housing,7,200,2.0,2064,8,1000,1.0000498294830322,1.0000826120376587,1.000362753868103,1.0013115406036377,1.0013877153396606,1.0016461610794067,0.6890439352170652,0.8526526162790697
california_housing,7,200,1.0,2064,8,1000,1.0004569292068481,1.001442790031433,1.000540018081665,1.0007904767990112,1.0004981756210327,1.003872036933899,0.6860164888715998,0.7604772286821706
california_housing,7,1000,2.0,2064,8,1000,1.0054843425750732,1.0026121139526367,1.003127932548523,1.0072683095932007,1.0029230117797852,1.0128085613250732,0.5705507719800016,0.8258842054263567
california_housing,7,1000,3.0,2064,8,1000,1.0082297325134277,1.008241057395935,1.015384554862976,1.010210394859314,1.009881615638733,1.0219404697418213,0.5943215069060905,0.9326550387596899
california_housing,7,1000,1.0,2064,8,1000,1.0061872005462646,1.0188087224960327,1.007028341293335,1.0272114276885986,1.0137274265289307,1.032853126525879,0.5737340981269742,0.7129360465116279
california_housing,7,10000,2.0,2064,8,1000,1.233043909072876,1.0628736019134521,1.1603785753250122,1.1513729095458984,1.2870012521743774,1.1170974969863892,0.48593202968524973,0.607921511627907
california_housing,7,10000,1.0,2064,8,1000,1.232556939125061,1.1361347436904907,1.1877129077911377,1.1156350374221802,1.2329474687576294,1.1864925622940063,0.49959899972271327,0.4465237403100775
california_housing,9,200,2.0,2064,8,1000,1.0019508600234985,1.001175880432129,1.000380516052246,1.0014642477035522,1.0032681226730347,1.001356601715088,0.6627219526608416,0.8651889534883721
california_housing,9,200,3.0,2064,8,1000,1.0026410818099976,1.0074630975723267,1.0042203664779663,1.009294867515564,1.003150463104248,1.0075037479400635,0.6847704280977034,0.9460998062015504
california_housing,9,200,1.0,2064,8,1000,1.0012601613998413,1.0023375749588013,1.0016900300979614,1.0005444288253784,1.0010806322097778,1.0036520957946777,0.660728002677758,0.7675024224806202
california_housing,9,1000,1.0,2064,8,1000,1.0164498090744019,1.0332133769989014,1.0230931043624878,1.0402148962020874,1.0519707202911377,1.0087437629699707,0.5667334860919356,0.7132994186046512
california_housing,9,1000,3.0,2064,8,1000,1.012803077697754,1.0070223808288574,1.0105873346328735,1.0151760578155518,1.0111621618270874,1.0082026720046997,0.5951583586947411,0.9342902131782946
california_housing,9,1000,2.0,2064,8,1000,1.0059102773666382,1.005615472793579,1.0058457851409912,1.0128087997436523,1.0076085329055786,1.006835699081421,0.564752850124211,0.8360586240310077
california_housing,9,10000,2.0,2064,8,1000,1.1356680393218994,1.0202751159667969,1.0453872680664062,1.1956942081451416,1.0644152164459229,1.2365491390228271,0.4731071847823305,0.6314195736434108
california_housing,9,10000,1.0,2064,8,1000,1.7576985359191895,1.1924443244934082,1.123293399810791,1.3357017040252686,1.3475764989852905,1.5005117654800415,0.48276223317237726,0.46057412790697677
california_housing,3,10000,2.0,2064,8,1000,1.1989352703094482,1.0526645183563232,1.1464040279388428,1.108886480331421,1.1241614818572998,1.079910159111023,0.46421192285321583,0.6298449612403101
california_housing,3,10000,1.0,2064,8,1000,1.1564360857009888,1.1407662630081177,1.1857750415802002,1.189179539680481,1.1224329471588135,1.4097715616226196,0.4715942166538133,0.462390988372093
california_housing,3,1000,1.0,2064,8,1000,1.0286095142364502,1.0208033323287964,1.0436341762542725,1.019760012626648,1.0471084117889404,1.0279419422149658,0.5692665714040901,0.7091812015503877
california_housing,3,1000,3.0,2064,8,1000,1.0082474946975708,1.0244048833847046,1.0161452293395996,1.0091984272003174,1.005125641822815,1.0072407722473145,0.5860771887000082,0.9285973837209303
california_housing,3,1000,2.0,2064,8,1000,1.0053061246871948,1.0076981782913208,1.0085577964782715,1.0078555345535278,1.0102890729904175,1.004371166229248,0.5688948961673148,0.8173449612403101
california_housing,3,200,2.0,2064,8,1000,1.0007712841033936,1.0012516975402832,1.0011323690414429,1.0009936094284058,1.0008803606033325,1.0009236335754395,0.6778270806993225,0.8571342054263567
california_housing,3,200,3.0,2064,8,1000,1.0022060871124268,1.004879117012024,1.0034936666488647,1.0009543895721436,1.0017973184585571,1.0045264959335327,0.7023614904470812,0.952156007751938
california_housing,3,200,1.0,2064,8,1000,1.000442385673523,0.9998455047607422,1.0006190538406372,1.0007667541503906,1.0004758834838867,1.0020363330841064,0.6715782560299213,0.766654554263566
california_housing,10,1000,1.0,2064,8,1000,1.0203078985214233,1.018403172492981,1.0373176336288452,1.01511549949646,1.0357955694198608,1.0407910346984863,0.5443042460343498,0.7253512596899224
california_housing,10,1000,3.0,2064,8,1000,1.003696084022522,1.023612380027771,1.0191595554351807,1.0107215642929077,1.0179888010025024,1.0035533905029297,0.5653302869444984,0.9359859496124031
california_housing,10,1000,2.0,2064,8,1000,1.0080257654190063,1.0063207149505615,1.0090538263320923,1.0164226293563843,1.0124109983444214,1.0081907510757446,0.5404193696804083,0.8423570736434108
california_housing,10,200,1.0,2064,8,1000,1.000573992729187,1.0009578466415405,1.0006401538848877,1.0011069774627686,1.001643180847168,1.000688076019287,0.6416806185445323,0.7885174418604651
california_housing,10,200,3.0,2064,8,1000,1.0023339986801147,1.00547194480896,1.0010026693344116,1.0030319690704346,1.0047917366027832,1.0024315118789673,0.6668280958368911,0.9574249031007752
california_housing,10,200,2.0,2064,8,1000,1.0006563663482666,1.000834584236145,1.000627040863037,1.0009186267852783,1.000705599784851,1.0036908388137817,0.6446872141916159,0.8811773255813953
california_housing,10,10000,1.0,2064,8,1000,1.3022187948226929,1.1452983617782593,1.175221562385559,1.4194071292877197,1.110249638557434,1.2380638122558594,0.4651956023877756,0.46027131782945735
california_housing,10,10000,2.0,2064,8,1000,1.1686861515045166,1.1248289346694946,1.0728036165237427,1.0410796403884888,1.1885157823562622,1.1110414266586304,0.4566431037576326,0.6316012596899225
california_housing,4,200,3.0,2064,8,1000,1.004250168800354,1.0016989707946777,1.0024369955062866,1.0063326358795166,1.0069000720977783,1.005289912223816,0.6485811112856095,0.963844476744186
california_housing,4,200,2.0,2064,8,1000,0.9999819397926331,1.0000815391540527,0.9999867677688599,1.0009231567382812,1.0009232759475708,1.0000874996185303,0.6392916153572673,0.8841448643410854
california_housing,4,200,1.0,2064,8,1000,1.0000144243240356,1.0018621683120728,1.0002789497375488,1.0001208782196045,1.0004116296768188,1.0008505582809448,0.6389075642522513,0.7762233527131783
california_housing,4,1000,1.0,2064,8,1000,1.0148800611495972,1.0152883529663086,1.009171724319458,1.034835696220398,1.0201483964920044,1.0108070373535156,0.5300102586665141,0.720264050387597
california_housing,4,1000,3.0,2064,8,1000,1.011107087135315,1.0065842866897583,1.0096949338912964,1.009414553642273,1.0174964666366577,1.0149377584457397,0.5445545258634605,0.9382267441860466
california_housing,4,1000,2.0,2064,8,1000,1.003490924835205,1.0056618452072144,1.0035423040390015,1.006247639656067,1.0125682353973389,1.0008766651153564,0.5264014741546159,0.8350896317829457
california_housing,4,10000,2.0,2064,8,1000,1.0916775465011597,1.1225483417510986,1.0183851718902588,1.0839921236038208,1.1561723947525024,1.0125868320465088,0.4499981629305163,0.650375484496124
california_housing,4,10000,1.0,2064,8,1000,1.1124566793441772,1.1369109153747559,1.1409356594085693,1.4115760326385498,1.245929479598999,1.2862848043441772,0.45735434608135794,0.4789244186046512
california_housing,6,200,1.0,2064,8,1000,1.0000560283660889,0.9999746680259705,1.0002681016921997,1.000124454498291,1.0002788305282593,1.0007977485656738,0.6923372908287082,0.7632025193798451
california_housing,6,200,3.0,2064,8,1000,1.006935477256775,1.0016072988510132,1.0022656917572021,1.0052789449691772,1.0046513080596924,1.0095049142837524,0.7127398313638911,0.9496729651162791
california_housing,6,200,2.0,2064,8,1000,1.000106692314148,1.000508189201355,1.0008834600448608,1.0003918409347534,1.0002628564834595,0.9999895095825195,0.6928119821283745,0.8697311046511628
california_housing,6,10000,1.0,2064,8,1000,1.384286642074585,1.1414874792099,1.145603895187378,1.137923240661621,1.0891402959823608,1.336694598197937,0.49228885344903317,0.46275436046511625
california_housing,6,10000,2.0,2064,8,1000,1.2449390888214111,1.0200480222702026,1.0987004041671753,1.2021149396896362,1.161443829536438,1.1021156311035156,0.48252020710372423,0.6282703488372092
california_housing,6,1000,3.0,2064,8,1000,1.0175293684005737,1.023056983947754,1.0151389837265015,1.011409044265747,1.0092096328735352,1.0231032371520996,0.6009049983833816,0.9262960271317829
california_housing,6,1000,2.0,2064,8,1000,1.0045411586761475,1.0036920309066772,1.0049140453338623,1.0010380744934082,1.0055731534957886,1.0119895935058594,0.5813755747031758,0.826671511627907
california_housing,6,1000,1.0,2064,8,1000,1.0167468786239624,1.024446725845337,1.0098174810409546,1.0311036109924316,1.0232466459274292,1.0722588300704956,0.5803348685656875,0.7106952519379846
california_housing,1,1000,2.0,2064,8,1000,1.0058834552764893,1.0066758394241333,1.0025126934051514,1.0047600269317627,1.0026113986968994,1.0105841159820557,0.5192733565864913,0.8450823643410852
california_housing,1,1000,3.0,2064,8,1000,1.0077335834503174,1.012308120727539,1.007161259651184,1.012212872505188,1.0167826414108276,1.0216312408447266,0.5495184906240114,0.9370760658914729
california_housing,1,1000,1.0,2064,8,1000,1.0169682502746582,1.0222651958465576,1.0033890008926392,1.0109307765960693,1.0124263763427734,1.051396369934082,0.5158004810368744,0.7379481589147286
california_housing,1,10000,2.0,2064,8,1000,1.256838321685791,1.0586135387420654,1.113690972328186,1.0784662961959839,1.3238568305969238,1.0556696653366089,0.437295905991981,0.6326308139534884
california_housing,1,10000,1.0,2064,8,1000,1.2570806741714478,1.0616869926452637,1.099189043045044,1.2141085863113403,1.2932757139205933,1.4779757261276245,0.44972724607973547,0.47117248062015504
california_housing,1,200,3.0,2064,8,1000,1.0012304782867432,1.004011869430542,1.0020208358764648,1.001663327217102,1.001350998878479,1.001508355140686,0.6674331772380331,0.962875484496124
california_housing,1,200,2.0,2064,8,1000,1.000917911529541,1.001544713973999,1.0014346837997437,1.0012824535369873,1.000480055809021,1.0001466274261475,0.6292709051955223,0.8806322674418605
california_housing,1,200,1.0,2064,8,1000,1.001556158065796,1.0022969245910645,1.0018538236618042,1.0024564266204834,1.0010552406311035,1.003153681755066,0.6183253593711475,0.7985101744186046
california_housing,5,10000,1.0,2064,8,1000,1.2249313592910767,1.2281492948532104,1.382428765296936,1.1604667901992798,1.3359694480895996,1.2477160692214966,0.4932456195997539,0.45887839147286824
california_housing,5,10000,2.0,2064,8,1000,1.0552202463150024,1.0975914001464844,1.2036545276641846,1.0642211437225342,1.1725316047668457,1.1582199335098267,0.4854737057264282,0.6222747093023255
california_housing,5,200,2.0,2064,8,1000,1.0007357597351074,1.0006439685821533,1.0008496046066284,1.000504732131958,0.9999505877494812,1.0006117820739746,0.7081662387042196,0.858890503875969
california_housing,5,200,3.0,2064,8,1000,1.0085344314575195,1.0038135051727295,1.0047255754470825,1.0067689418792725,1.0086618661880493,1.0074292421340942,0.725680708213672,0.9419210271317829
california_housing,5,200,1.0,2064,8,1000,0.9999703168869019,1.0010019540786743,1.000264048576355,1.0000325441360474,1.0009759664535522,1.001191258430481,0.7007630941545218,0.772044573643411
california_housing,5,1000,1.0,2064,8,1000,1.0167713165283203,1.0172946453094482,1.0070178508758545,1.0141547918319702,1.0081807374954224,1.039078712463379,0.5614121812100936,0.7308018410852712
california_housing,5,1000,3.0,2064,8,1000,1.0157108306884766,1.0069307088851929,1.0061231851577759,1.0072576999664307,1.019750952720642,1.0107247829437256,0.5856803784646003,0.9297480620155039
california_housing,5,1000,2.0,2064,8,1000,1.004388689994812,1.0044426918029785,1.0043847560882568,1.0150898694992065,1.0126688480377197,1.0136443376541138,0.5599234365279118,0.8431443798449612
california_housing,2,1000,1.0,2064,8,1000,1.0051085948944092,1.0141632556915283,1.0053647756576538,1.0174062252044678,1.0186997652053833,1.0240213871002197,0.5642574247499772,0.7237766472868217
california_housing,2,1000,2.0,2064,8,1000,1.002554178237915,1.0024795532226562,1.0018582344055176,1.0041389465332031,1.0067167282104492,1.0039539337158203,0.562878763412942,0.8379966085271318
california_housing,2,1000,3.0,2064,8,1000,1.0245814323425293,1.015350580215454,1.013587236404419,1.033701777458191,1.0224623680114746,1.0187324285507202,0.5782957451518069,0.9289001937984496
california_housing,2,10000,2.0,2064,8,1000,1.1701242923736572,1.1057339906692505,1.069940209388733,1.1023958921432495,1.1322365999221802,1.118203043937683,0.47427370598701224,0.6256661821705426
california_housing,2,10000,3.0,2064,8,1000,1.110300064086914,1.0689756870269775,1.0262867212295532,1.0953130722045898,1.0414944887161255,1.089663028717041,0.48275441353854853,0.8025072674418604
california_housing,2,10000,1.0,2064,8,1000,1.3706090450286865,1.1184909343719482,1.2157636880874634,1.4714643955230713,1.2497121095657349,1.3699719905853271,0.48235267910997204,0.4597868217054264
california_housing,2,200,1.0,2064,8,1000,1.0008317232131958,1.0005842447280884,1.0034890174865723,1.0036042928695679,1.0014265775680542,1.0047880411148071,0.6601495569591987,0.7751937984496124
california_housing,2,200,2.0,2064,8,1000,1.000651478767395,1.0008597373962402,1.000920295715332,1.0012402534484863,1.0025113821029663,1.0016164779663086,0.6634536176444219,0.8740915697674418
california_housing,2,200,3.0,2064,8,1000,1.007082462310791,1.0061012506484985,1.0053874254226685,1.0089081525802612,1.0045533180236816,1.0059986114501953,0.6866750491233393,0.9550024224806202
california_housing,8,200,1.0,2064,8,1000,1.0014957189559937,1.000826358795166,1.0006588697433472,1.0012171268463135,1.0016283988952637,1.0028547048568726,0.685643489246647,0.7615673449612403
california_housing,8,200,2.0,2064,8,1000,1.0019381046295166,1.0013221502304077,1.0021979808807373,1.0015449523925781,1.0005409717559814,1.002030849456787,0.6959560745134277,0.8503512596899224
california_housing,8,200,3.0,2064,8,1000,1.0055874586105347,1.0039081573486328,1.0029826164245605,1.004169225692749,1.0050581693649292,1.0062743425369263,0.7284591474361066,0.9343507751937985
california_housing,8,10000,2.0,2064,8,1000,1.0881506204605103,1.0530881881713867,1.1061066389083862,1.1356104612350464,1.034233570098877,1.0840407609939575,0.4771364117737979,0.6343871124031009
california_housing,8,10000,3.0,2064,8,1000,1.0417122840881348,1.0535609722137451,1.0148742198944092,1.0511029958724976,1.0280498266220093,1.0598773956298828,0.4810139334485768,0.8120760658914729
california_housing,8,10000,1.0,2064,8,1000,1.1312872171401978,1.147709846496582,1.1460115909576416,1.422463297843933,1.16947603225708,1.3444993495941162,0.48539264253019143,0.4675387596899225
california_housing,8,1000,1.0,2064,8,1000,1.0243052244186401,1.0184813737869263,1.0281546115875244,1.0322356224060059,1.02861750125885,1.031408429145813,0.568186223968012,0.7042151162790697
california_housing,8,1000,2.0,2064,8,1000,1.009401559829712,1.0088980197906494,1.0041203498840332,1.0117295980453491,1.0046902894973755,1.007868766784668,0.5665574832685956,0.8287911821705426
california_housing,8,1000,3.0,2064,8,1000,1.014809489250183,1.0043623447418213,1.0009561777114868,1.0111043453216553,1.013570785522461,1.0214636325836182,0.5838889700091947,0.9322311046511628
piecewise_linear_kunzel,3,1000,1.0,500,8,1000,1.0037801265716553,1.006003499031067,1.005751609802246,1.0033656358718872,1.0010484457015991,1.0011875629425049,197.95771542319062,0.9995
piecewise_linear_kunzel,3,1000,3.0,500,8,1000,1.006959319114685,1.0042179822921753,1.0050160884857178,1.0046484470367432,1.0069470405578613,1.0065900087356567,283.90109393246735,1.0
piecewise_linear_kunzel,3,1000,2.0,500,8,1000,1.0009479522705078,1.00040864944458,1.000572919845581,1.0012600421905518,1.000930666923523,1.0021140575408936,205.23786220875016,1.0
piecewise_linear_kunzel,3,200,1.0,500,8,1000,0.9997637271881104,1.000002145767212,0.9997385740280151,0.9996264576911926,1.000288724899292,1.0009303092956543,324.56148810212477,0.9895
piecewise_linear_kunzel,3,200,2.0,500,8,1000,0.9997686743736267,1.0013325214385986,1.0003994703292847,0.9996983408927917,1.0005137920379639,1.0024126768112183,329.798767573811,1.0
piecewise_linear_kunzel,3,200,3.0,500,8,1000,1.0042537450790405,1.0074089765548706,1.0061509609222412,1.0042097568511963,1.0015054941177368,1.001372218132019,346.22582517660794,1.0
piecewise_linear_kunzel,3,10000,1.0,500,8,1000,1.0455175638198853,1.0853981971740723,1.0674829483032227,1.0337731838226318,1.0308057069778442,1.029068946838379,102.34728291537195,0.9877499999999999
piecewise_linear_kunzel,3,10000,3.0,500,8,1000,1.0198146104812622,1.0187420845031738,1.0185350179672241,1.0126292705535889,1.0152263641357422,1.0205305814743042,174.68109205709635,1.0
piecewise_linear_kunzel,3,10000,2.0,500,8,1000,1.009575605392456,1.00677490234375,1.0038803815841675,1.0085268020629883,1.0170173645019531,1.0164709091186523,93.4909842621611,1.0
piecewise_linear_kunzel,9,200,1.0,500,8,1000,0.999981164932251,1.0003143548965454,1.00022554397583,0.9999172687530518,1.0004007816314697,1.0007431507110596,224.10642843677905,1.0
piecewise_linear_kunzel,9,200,3.0,500,8,1000,1.0002297163009644,1.003653883934021,1.0015417337417603,1.0002411603927612,1.0008914470672607,1.0012223720550537,262.33681618051645,1.0
piecewise_linear_kunzel,9,200,2.0,500,8,1000,1.000269889831543,1.0012834072113037,1.0006346702575684,1.0000581741333008,0.9998542070388794,0.9998067021369934,233.1940443723,1.0
piecewise_linear_kunzel,9,10000,3.0,500,8,1000,1.0362439155578613,1.0491424798965454,1.0263621807098389,1.025209665298462,1.048580288887024,1.0684936046600342,177.51349817603474,1.0
piecewise_linear_kunzel,9,10000,2.0,500,8,1000,1.029574990272522,1.0081356763839722,1.0116432905197144,1.0183258056640625,1.0205315351486206,1.0138766765594482,95.36149122004375,1.0
piecewise_linear_kunzel,9,10000,1.0,500,8,1000,1.0188493728637695,1.0741465091705322,1.048469066619873,1.0211738348007202,1.0670992136001587,1.0795937776565552,111.44214848678298,0.9815
piecewise_linear_kunzel,9,1000,3.0,500,8,1000,1.0129417181015015,1.0136622190475464,1.0147312879562378,1.0075818300247192,1.0054725408554077,1.0053186416625977,252.40901300553963,1.0
piecewise_linear_kunzel,9,1000,2.0,500,8,1000,1.0019477605819702,1.0082546472549438,1.0054469108581543,1.0013492107391357,1.0004802942276,1.0022227764129639,178.38869991149815,1.0
piecewise_linear_kunzel,9,1000,1.0,500,8,1000,1.0020456314086914,1.0054587125778198,1.0021387338638306,1.0017035007476807,1.0015130043029785,1.002198338508606,168.35080953634667,0.9995
piecewise_linear_kunzel,4,200,1.0,500,8,1000,0.9997783899307251,0.9998457431793213,0.9997297525405884,0.9996599555015564,0.9999799132347107,1.000303864479065,238.14476209380777,0.9984999999999999
piecewise_linear_kunzel,4,200,3.0,500,8,1000,1.0031195878982544,1.0015789270401,1.0022754669189453,1.0032258033752441,1.003083348274231,1.001969814300537,276.9519933364146,1.0
piecewise_linear_kunzel,4,200,2.0,500,8,1000,1.000475287437439,1.0000288486480713,1.0004448890686035,1.0003107786178589,1.0006542205810547,1.0007755756378174,251.5660682338613,1.0
piecewise_linear_kunzel,4,10000,1.0,500,8,1000,1.0065571069717407,1.038139820098877,1.0233986377716064,1.0087980031967163,1.0254846811294556,1.0500327348709106,112.13390519103574,0.9822500000000001
piecewise_linear_kunzel,4,10000,2.0,500,8,1000,1.0147498846054077,1.015268087387085,1.0176576375961304,1.0126272439956665,1.0083905458450317,1.0058187246322632,98.36954205742731,1.0
piecewise_linear_kunzel,4,10000,3.0,500,8,1000,1.0367445945739746,1.0440053939819336,1.0316452980041504,1.0220540761947632,1.0289205312728882,1.02634596824646,168.09232749742387,1.0
piecewise_linear_kunzel,4,1000,3.0,500,8,1000,1.014298677444458,1.012817621231079,1.0135327577590942,1.010820746421814,1.0090136528015137,1.0086290836334229,259.7111701633494,1.0
piecewise_linear_kunzel,4,1000,2.0,500,8,1000,1.0041216611862183,1.0044087171554565,1.003630518913269,1.003532886505127,1.0030759572982788,1.0038620233535767,184.16539213291915,1.0
piecewise_linear_kunzel,4,1000,1.0,500,8,1000,1.0015850067138672,1.0041016340255737,1.0018962621688843,1.0005253553390503,1.0016758441925049,1.002915382385254,180.49954684488043,0.9995
piecewise_linear_kunzel,7,10000,1.0,500,8,1000,1.0206243991851807,1.0279207229614258,1.0108511447906494,1.014870524406433,1.033065915107727,1.0616317987442017,114.86019756586572,0.98375
piecewise_linear_kunzel,7,10000,2.0,500,8,1000,1.0140539407730103,1.006371259689331,1.0077401399612427,1.0108722448349,1.0198100805282593,1.0218247175216675,107.42682098576432,1.0
piecewise_linear_kunzel,7,10000,3.0,500,8,1000,1.0098551511764526,1.02694833278656,1.012715220451355,1.0057523250579834,1.0057405233383179,1.011572241783142,185.41813128965617,1.0
piecewise_linear_kunzel,7,200,3.0,500,8,1000,0.9998692870140076,1.0023982524871826,1.0002065896987915,0.9998153448104858,1.001517653465271,1.0056283473968506,218.18874835058114,1.0
piecewise_linear_kunzel,7,200,2.0,500,8,1000,1.000187635421753,1.0008028745651245,1.000177025794983,1.0000990629196167,1.0007113218307495,1.0009337663650513,194.2874868227816,1.0
piecewise_linear_kunzel,7,200,1.0,500,8,1000,1.0001062154769897,1.0014793872833252,1.0002120733261108,0.9998741149902344,1.0000072717666626,1.0005782842636108,189.67322314625136,1.0
piecewise_linear_kunzel,7,1000,2.0,500,8,1000,1.0016494989395142,1.0049324035644531,1.003588318824768,1.001418948173523,1.0014541149139404,1.0037604570388794,223.6766194308642,1.0
piecewise_linear_kunzel,7,1000,3.0,500,8,1000,1.00975501537323,1.0051968097686768,1.0057475566864014,1.0072909593582153,1.0071619749069214,1.0092346668243408,307.74284067674733,1.0
piecewise_linear_kunzel,7,1000,1.0,500,8,1000,1.0024179220199585,1.0036423206329346,1.0028584003448486,1.002126693725586,1.002408742904663,1.0055468082427979,218.5755814057443,1.0
piecewise_linear_kunzel,5,1000,2.0,500,8,1000,1.0005290508270264,1.0025875568389893,1.0010408163070679,1.0000966787338257,1.0024806261062622,1.004351258277893,179.78223032635537,1.0
piecewise_linear_kunzel,5,1000,3.0,500,8,1000,1.0055924654006958,1.0019943714141846,1.0008652210235596,1.0052602291107178,1.010305643081665,1.0070847272872925,255.18622925574616,1.0
piecewise_linear_kunzel,5,1000,1.0,500,8,1000,1.0025081634521484,1.003556489944458,1.004099726676941,1.0028748512268066,1.0021659135818481,1.000928282737732,170.99908795972618,1.0
piecewise_linear_kunzel,5,10000,3.0,500,8,1000,1.0230941772460938,1.0331708192825317,1.0190277099609375,1.010817289352417,1.0209529399871826,1.0328524112701416,167.62414255887654,1.0
piecewise_linear_kunzel,5,10000,2.0,500,8,1000,1.010122299194336,1.0078202486038208,1.0067516565322876,1.0062923431396484,1.0165750980377197,1.0182677507400513,88.08276638848089,1.0
piecewise_linear_kunzel,5,10000,1.0,500,8,1000,1.0301692485809326,1.0682228803634644,1.055820345878601,1.0332980155944824,1.0581371784210205,1.0577573776245117,103.67586633636246,0.98925
piecewise_linear_kunzel,5,200,2.0,500,8,1000,1.0007131099700928,1.0011919736862183,1.00104558467865,1.0007848739624023,1.0012645721435547,1.0013937950134277,275.3853716524902,1.0
piecewise_linear_kunzel,5,200,3.0,500,8,1000,1.0026326179504395,1.002339482307434,1.001697063446045,1.0019248723983765,1.0020922422409058,1.0027847290039062,309.9628623825987,1.0
piecewise_linear_kunzel,5,200,1.0,500,8,1000,1.0002555847167969,1.000086784362793,1.000375509262085,1.0003339052200317,1.000192403793335,1.000569462776184,263.74485494572815,0.99725
piecewise_linear_kunzel,8,1000,3.0,500,8,1000,1.0079478025436401,1.0137434005737305,1.0127140283584595,1.0064870119094849,1.0050057172775269,1.007767677307129,270.6514206368495,1.0
piecewise_linear_kunzel,8,1000,2.0,500,8,1000,0.9999680519104004,1.0041531324386597,1.002450704574585,0.9998303055763245,1.002707600593567,1.00590980052948,196.55130511334724,1.0
piecewise_linear_kunzel,8,1000,1.0,500,8,1000,1.0029722452163696,1.0051592588424683,1.0021486282348633,1.0029566287994385,1.0029407739639282,1.0024383068084717,193.74701230947585,0.99975
piecewise_linear_kunzel,8,200,1.0,500,8,1000,0.9996139407157898,0.9998838305473328,0.9997550845146179,0.9996909499168396,0.999836802482605,0.9998309016227722,245.58654105739902,0.99775
piecewise_linear_kunzel,8,200,3.0,500,8,1000,1.0028969049453735,1.00369131565094,1.0030394792556763,1.0023548603057861,1.0014582872390747,1.0006275177001953,261.0471659218297,1.0
piecewise_linear_kunzel,8,200,2.0,500,8,1000,0.9999630451202393,1.000002384185791,0.9998010396957397,0.9999563694000244,1.000120759010315,1.00029456615448,248.94212081352748,1.0
piecewise_linear_kunzel,8,10000,1.0,500,8,1000,1.0577235221862793,1.047179102897644,1.0331313610076904,1.0287740230560303,1.025911808013916,1.0523418188095093,100.35127449085645,0.99225
piecewise_linear_kunzel,8,10000,2.0,500,8,1000,1.0094925165176392,1.0025736093521118,1.0035287141799927,1.0043996572494507,1.0091136693954468,1.0166836977005005,95.42859868732327,1.0
piecewise_linear_kunzel,8,10000,3.0,500,8,1000,1.0147980451583862,1.0202264785766602,1.0051854848861694,1.007323980331421,1.0413817167282104,1.0603865385055542,166.5908637216129,1.0
piecewise_linear_kunzel,2,10000,1.0,500,8,1000,1.0100181102752686,1.036539077758789,1.003352403640747,1.010762333869934,1.031554102897644,1.0572013854980469,108.85003897943906,0.989
piecewise_linear_kunzel,2,10000,2.0,500,8,1000,1.0120528936386108,1.0303107500076294,1.020684838294983,1.0063748359680176,1.0081886053085327,1.0168870687484741,96.94967631738592,1.0
piecewise_linear_kunzel,2,10000,3.0,500,8,1000,1.021096110343933,1.0224698781967163,1.0207045078277588,1.0154756307601929,1.0096919536590576,1.00738525390625,167.48464304778966,1.0
piecewise_linear_kunzel,2,1000,1.0,500,8,1000,1.0002979040145874,1.0035932064056396,1.0014467239379883,1.0006481409072876,1.004395604133606,1.0079925060272217,197.41738689150134,0.9984999999999999
piecewise_linear_kunzel,2,1000,3.0,500,8,1000,1.0080907344818115,1.005204439163208,1.0026923418045044,1.0057966709136963,1.0165045261383057,1.021988868713379,284.0058049472408,1.0
piecewise_linear_kunzel,2,1000,2.0,500,8,1000,1.0008676052093506,1.0060075521469116,1.0034929513931274,1.0006672143936157,1.0001379251480103,1.0014647245407104,204.28826246550616,1.0
piecewise_linear_kunzel,2,200,1.0,500,8,1000,0.9998397827148438,1.000415563583374,1.0003167390823364,0.9999207258224487,0.999730110168457,0.999794065952301,264.4118121328104,0.9984999999999999
piecewise_linear_kunzel,2,200,2.0,500,8,1000,0.9999001026153564,1.000536561012268,1.0000388622283936,0.999901533126831,1.000512957572937,1.0011991262435913,267.79667230472546,1.0
piecewise_linear_kunzel,2,200,3.0,500,8,1000,1.0037755966186523,1.0038164854049683,1.0053552389144897,1.00413179397583,1.0023858547210693,1.0016816854476929,287.6444962791802,1.0
piecewise_linear_kunzel,6,200,1.0,500,8,1000,1.0000520944595337,1.0013604164123535,1.0002827644348145,1.0003365278244019,1.0014344453811646,1.0013660192489624,279.95886194578804,0.9995
piecewise_linear_kunzel,6,200,2.0,500,8,1000,1.0003118515014648,1.0003224611282349,0.9999480247497559,1.0001113414764404,1.0006552934646606,1.002036690711975,285.3876896605659,1.0
piecewise_linear_kunzel,6,200,3.0,500,8,1000,1.0015486478805542,1.0080708265304565,1.0040169954299927,1.0011286735534668,1.0024396181106567,1.007031798362732,304.0867379970613,1.0
piecewise_linear_kunzel,6,1000,1.0,500,8,1000,1.0011039972305298,1.0019028186798096,1.0008888244628906,1.0005009174346924,1.000985860824585,1.0018142461776733,181.27008930753493,1.0
piecewise_linear_kunzel,6,1000,3.0,500,8,1000,1.0009527206420898,1.0087966918945312,1.0050057172775269,1.0006983280181885,1.0021915435791016,1.003556489944458,264.80890950858,1.0
piecewise_linear_kunzel,6,1000,2.0,500,8,1000,1.0013039112091064,1.003355622291565,1.001554012298584,1.0006760358810425,1.001793622970581,1.003549575805664,191.96002606774795,1.0
piecewise_linear_kunzel,6,10000,2.0,500,8,1000,1.005234956741333,1.0201603174209595,1.0118790864944458,1.0044664144515991,1.0070587396621704,1.015481948852539,94.1533819956322,1.0
piecewise_linear_kunzel,6,10000,3.0,500,8,1000,1.008937120437622,1.0158870220184326,1.008049488067627,1.0070102214813232,1.0212432146072388,1.0216352939605713,168.76325861672814,1.0
piecewise_linear_kunzel,6,10000,1.0,500,8,1000,1.0520310401916504,1.051256775856018,1.0318403244018555,1.026949405670166,1.0466824769973755,1.052996039390564,102.1165456611047,0.991
piecewise_linear_kunzel,10,200,3.0,500,8,1000,1.0014256238937378,1.0011839866638184,1.0010805130004883,1.0009474754333496,1.0010321140289307,1.0017390251159668,281.3390377674734,1.0
piecewise_linear_kunzel,10,200,2.0,500,8,1000,0.9998725056648254,1.000819444656372,0.9998490214347839,0.9997566342353821,1.0001356601715088,1.0003418922424316,261.37470081826666,1.0
piecewise_linear_kunzel,10,200,1.0,500,8,1000,1.0001636743545532,1.0005296468734741,1.0001112222671509,1.0001440048217773,1.0006319284439087,1.0009208917617798,260.627008370403,0.998
piecewise_linear_kunzel,10,10000,2.0,500,8,1000,1.0062915086746216,1.023100733757019,1.0070605278015137,1.0053592920303345,1.0179768800735474,1.0220227241516113,89.89379513865012,1.0
piecewise_linear_kunzel,10,10000,3.0,500,8,1000,1.0185972452163696,1.0280402898788452,1.0253657102584839,1.0134445428848267,1.0058521032333374,1.0085545778274536,171.06083140551414,1.0
piecewise_linear_kunzel,10,10000,1.0,500,8,1000,1.0302647352218628,1.0606545209884644,1.044432520866394,1.0151817798614502,1.0228484869003296,1.0291528701782227,98.07890213413432,0.99125
piecewise_linear_kunzel,10,1000,2.0,500,8,1000,1.000458836555481,1.0053386688232422,1.002652883529663,1.0000898838043213,1.0008172988891602,1.0024299621582031,181.04655249108274,1.0
piecewise_linear_kunzel,10,1000,3.0,500,8,1000,1.0033950805664062,1.0005419254302979,1.002360224723816,1.0026226043701172,1.0042623281478882,1.005919337272644,258.1064828398604,1.0
piecewise_linear_kunzel,10,1000,1.0,500,8,1000,1.0024282932281494,1.0016847848892212,1.0020747184753418,1.0022743940353394,1.0033572912216187,1.0028324127197266,176.35916262690915,1.0
piecewise_linear_kunzel,1,1000,1.0,500,8,1000,1.0018771886825562,1.001899242401123,1.0007635354995728,1.0014070272445679,1.0046024322509766,1.0055081844329834,177.38664846593454,0.99975
piecewise_linear_kunzel,1,1000,3.0,500,8,1000,1.0033105611801147,1.0026168823242188,1.002155065536499,1.0023144483566284,1.0059934854507446,1.0069348812103271,257.5161865308556,1.0
piecewise_linear_kunzel,1,1000,2.0,500,8,1000,1.0013447999954224,1.0023252964019775,1.0002154111862183,1.0009713172912598,1.0038609504699707,1.0063999891281128,183.82133566486323,1.0
piecewise_linear_kunzel,1,200,1.0,500,8,1000,0.9996779561042786,0.9998765587806702,0.999950647354126,0.9997066855430603,0.9998474717140198,0.9999714493751526,265.66790122376983,0.99975
piecewise_linear_kunzel,1,200,2.0,500,8,1000,0.9999886751174927,1.0003337860107422,1.0001837015151978,1.0000938177108765,1.0004607439041138,1.0005546808242798,275.53500876149036,1.0
piecewise_linear_kunzel,1,200,3.0,500,8,1000,1.0030180215835571,1.0044463872909546,1.0015387535095215,1.0022608041763306,1.0057026147842407,1.0084298849105835,297.2946404830352,1.0
piecewise_linear_kunzel,1,10000,2.0,500,8,1000,1.0313740968704224,1.0099436044692993,1.011887788772583,1.017017126083374,1.0182405710220337,1.0134741067886353,105.19796501154386,0.9995
piecewise_linear_kunzel,1,10000,3.0,500,8,1000,1.0161067247390747,1.0077588558197021,1.0098426342010498,1.0121123790740967,1.0114762783050537,1.0057322978973389,181.57740345120897,1.0
piecewise_linear_kunzel,1,10000,1.0,500,8,1000,1.0351622104644775,1.0520927906036377,1.0335183143615723,1.0278795957565308,1.0313221216201782,1.0533429384231567,114.08057810606792,0.98225
